window.MODEL_WEIGHTS = {
  aWeight: [
    0.0439739414, -0.598038733, 0.265367746, -0.0817267969, -0.602048814, -0.164533138, -0.379318178, 0.19008863, -0.297074169, -0.368888706, -0.0724975318, 0.282294512,
    -0.0937451124, 0.209104046, -0.00479614595, -0.213332579, 0.235032827, -0.29118672, 0.125608444, -0.609281003, -0.217108473, -0.509151757, 0.0621982366, 0.195618004,
    0.0777119026, 0.393939555, 0.403734267, -0.214259326, -0.0184652954, 0.336904824, 0.279293627, -0.447711259, -0.475140035, 0.212913662, 0.0483701117, -0.0958548039,
    -0.207931608, 0.524095535, 0.495853454, 0.22438167, 0.0812277347, -0.305236608, -0.312387705, -0.151356772, 0.175731152, 0.202033222, -0.130065694, -0.208891466,
    -0.385089785, -0.300843626, -0.0822753459, -0.351564646, -0.00489521772, 0.112186566, 0.25048694, -0.196224004, -0.615137935, 0.362194687, 0.401721805, 0.0827871859,
    0.279201329, 0.10651388, 0.151583344, -0.0112790009, -0.300094247, -0.127790764, -0.0610909425, -0.276434094, -0.394312412, -0.0859743282, -0.154625401, -0.00611598091,
    -0.420798689, 0.379168004, 0.183801815, -0.425045937, 0.482163966, 0.0219177529, -0.400782019, -0.212473318, 0.278847992, -0.336594045, -0.086605005, -0.311250329,
    0.289118886, -0.500313401, -0.344806969, -0.0372534543, -0.193602666, -0.217567563, 0.131357491, 0.480393767, 0.233724251, 0.171982661, 0.103793293, 0.397380471,
    0.077263087, -0.294712424, 0.239476681, -0.0696077645, -0.387319654, -0.269691139, -0.400716662, 0.419295549, 0.157804266, -0.142334297, -0.0112379743, 0.133628234,
    -0.322144717, 0.10955631, 0.40533486, -0.0343315937, 0.227967724, -0.0842366219, -0.266230315, 0.412166744, -0.124389291, 0.0513713695, 0.243529201, 0.0390927419,
    -0.4002527, -0.318699539, -0.298133045, -0.119916536, -0.282435626, 0.296455741, 0.0431340113, 0.100270204, -0.372134805, -0.91592133, -0.443498611, -0.112321749,
    0.0326073207, -0.304134488, 0.194815621, -0.366190642, -0.352462262, 0.0842920542, -0.0448145717, -0.509639382, -0.5090276, 0.29941383, 0.100414276, 0.296243161,
    -0.0431967229, -0.35289979, -0.104833372, 0.204674721, -0.0396783911, -0.307223171, 0.344000995, 0.0837072507, 0.0895867571, 0.181130752, -0.174320087, -0.42759639,
    -0.129516587, 0.252150774, -0.349587262, 0.177051827, 0.349644065, -0.128631577, 0.0137462569, -0.101448417, 0.229756817, -0.606659532, 0.18329443, 0.073285453,
    -0.412064642, 0.436233342, 0.41489929, -0.343763798, 0.350340992, 0.172918692, 0.115136154, -0.277069569, 0.465940624, -0.490916401, 0.609859169, 0.230009153,
    0.252804786, -0.314219207, -0.494391143, 0.279640853, 0.427837789, -0.11912559, -0.367335111, -0.0116386078, 0.108749136, 0.345223218, 0.0918700919, -0.155307949,
    -0.0155023318, -0.542121768, 0.242673591, -0.615107775, -0.133536428, 0.123544499, -0.118446551, -0.128300294, 0.231298104, 0.27943787, -0.283917964, 0.0829774141,
    0.382066846, -0.446791083, -0.475811929, -0.413360804, -0.35550189, 0.0138334259, -0.38633582, 0.369374067, -0.372573227, 0.439020991, -0.707555711, 0.312120914,
    -0.270416856, -0.337385327, -0.331370234, 0.131713852, 0.156031474, -0.268687934, -0.060466595, 0.265438825, -0.160004511, 0.176156208, -0.39746505, -0.300149381,
    0.225086361, 0.297743201, -0.0738842264, 0.351898074, -0.305537373, -0.397773206, -0.208985552, -0.0658908188, -0.643140137, -0.122608215, 0.293776631, -0.0661914051,
    -0.348960787, -0.225018665, -0.0195492972, -0.246867299, -0.287303984, -0.265338421, 0.108318292, -0.326537579, 0.189001918, 0.0045752991, -0.105625883, -0.193501994,
    -0.293980926, 0.239610463, 0.323326945, -0.143839866, -0.2837542, -0.352869272, -0.0865781456, 0.635340512, 0.506147325, 0.283481479, -0.0286707468, 0.358190805,
    0.278792828, 0.140745461, -0.172466546, -0.803236365, -0.920316994, 0.0543879308, -0.112562761, -0.268500656, -0.331708014, 0.335219294, -0.243922412, -0.174830183,
    0.456750602, -0.331996262, -0.449438065, -0.246460095, -0.0601099618, -0.187421501, 0.093093574, -0.514171243, -0.546239495, -0.195804656, 0.543444991, 0.135915011,
    -0.186791494, 0.287081033, 0.272607952, 0.261892706, -0.127009988, -0.0512406453, -0.243870765, 0.138816684, 0.0758967027, 0.580668151, 0.203791395, 0.333877802,
    0.258347422, -0.0107606631, -0.740771949, -0.601880431, 0.038237948, 0.0466267206, 0.150470078, -0.0390179269, 0.217394546, -0.224488616, -0.0544441454, -0.061689578,
    -0.225173935, -0.0720955208, 0.0644965097, -0.319761246, -0.255764455, 0.193298176, 0.250447571, -0.467258602, -0.440646231, -0.0189970974, 0.0446335338, 0.309433669,
    -0.316797584, 0.14387393, -0.29055503, 0.00278302189, 0.0564599857, 0.287011683, -0.394989282, -0.307983756, -0.298155934, 0.0659846514, 0.333792716, 0.113593988,
    -0.00065762212, -0.476038754, -0.157250181, 0.102861241, -0.580289304, 0.312125325, -0.0852651298, 0.247044668, 0.328149825, 0.0387200639, -0.0473962426, -0.0837832615,
    0.266124159, 0.0125392247, -0.240707383, -0.563350916, -0.529158473, 0.238027155, -0.10978692, -0.169096619, 0.0710663944, -0.698953331, 0.771769106, 0.252901345,
    0.148818344, 0.0367986746, -0.42953226, -0.655565679, -0.0449183173, 0.124466114, -0.263495028, -0.295514733, -0.314836204, 0.157289654, -0.0392429084, 0.227193922,
    0.108309314, -0.314335555, 0.376883507, 0.130648777, -0.324084789, -0.243255094, -0.0593005754, -0.589128077, 0.232119992, -0.602894306, -0.19976072, 0.132891595,
  ],
  aBias: [
    0.34419474, 0.166820198, -0.069542855, 0.182184488, 0.158849031, 0.00158021715, 0.187100634, -0.248401627, 0.138640717, -0.273687631, -0.445333064, -0.0683918223,
    0.185941592, -0.242292747, 0.223697141, -0.433522999, -0.126954988, 0.243177488, -0.239935711, -0.0125465114, -0.3592498, 0.33654049, -0.19017823, 0.0811599493,
    -0.0444382168, -0.106364258, -0.277711272, -0.0962932035, 0.180275351, -0.423445284, -0.0923662484, 0.053055536, 0.147357181, -0.40147984, 0.0155778788, 0.150142774,
    0.145054251, -0.0879414976, -0.105966255, 0.338029712, 0.242879599, -0.138114467, -0.111373678, -0.210306749, -0.0153181003, -0.315569162, 0.0293897353, -0.422503114,
    -0.237156287, -0.189406916, -0.00297095394, -0.235303015, -0.0309925508, -0.0790567696, -0.0912417993, -0.0715114698, 0.0441755392, -0.074831374, -0.00483718794, -0.21723558,
    -0.193427131, 0.0358871073, -0.337549418, 0.326208264,
  ],
  bWeight: [
    0.0493563712, -0.0333595797, 0.106208578, -0.0352170356, -0.0452917367, 0.105390817, -0.0607174486, 0.0257204175, -0.0682020038, 0.102460369, -0.000925406814, -0.113026664,
    0.0913881361, 0.080830723, -0.0950996876, 0.093775861, 0.0864619762, -0.135637477, 0.0795482844, -0.0699742064, 0.0969784856, -0.0761080086, -0.0832997411, -0.0859729871,
    -0.106343165, -0.0273342524, 0.122772738, -0.0332502611, 0.0876035839, 0.0377686135, 0.00666866032, -0.0484137684, -0.0168854669, 0.0828141719, -0.132108808, -0.00705739297,
    0.124152809, 0.0548898876, -0.00303065171, -0.0029806341, 0.106621101, -0.00845751166, -0.0777863562, 0.0689942837, 0.0395193994, -0.0279448628, -0.0658142716, -0.0289862715,
    -0.0764738172, -0.0116205597, 0.0898889527, -0.0763837099, 0.115382165, -0.0481372215, -0.00646799803, 0.0626646131, 0.0384336412, 0.0209599733, 0.0423264429, -0.0909308046,
    0.0481231064, 0.028865315, 0.0503001958, -0.0510776676, 0.198573664, -0.0173173696, -0.00200041919, -0.0398107097, -0.0273567177, 0.0216865502, -0.285018802, 0.00779514015,
    0.0131694674, 0.0437106863, -0.0143877342, -0.0730851293, -0.325897515, 0.074695915, 0.125989467, -0.0194408484, 0.0219545178, 0.0302785672, -0.0847862512, -0.0536839403,
    -0.115880162, 0.459869981, 0.00648759305, 0.0548977517, -0.0219139457, -0.091926299, 0.123528242, -0.125529394, -0.20178166, -0.0913196057, -0.0382350534, 0.0294638313,
    -0.0118212989, -0.0813249797, 0.395409673, 0.129558831, 0.0728620887, 0.115807623, -0.0462917723, -0.0497331172, 0.0627810135, -0.0405255854, 0.0992043316, -0.111115538,
    0.218258202, 0.00569584966, 0.283088833, 0.0126150949, 0.0412400067, 0.0634291992, 0.0774841681, 0.0482613593, -0.101131007, 0.109884739, 0.108662888, 0.0814541504,
    0.0407526791, -0.00566123193, 0.0197438803, -0.145548046, -0.0995315686, 0.0116688367, -0.0384397954, 0.0157069899, 0.0708421692, -0.150735095, -0.0314973593, -0.0880442262,
    -0.0432177484, 0.263240516, 0.212069407, -0.0947259963, 0.0945977569, -0.0804444477, 0.102589726, -0.0973154604, -0.149066955, -0.101754263, 0.295488209, -0.202458277,
    0.0829916224, -0.183392629, 0.0530870855, -0.0355478451, 0.0820245147, -0.133702919, -0.0787138492, -0.258184344, 0.0148866028, 0.189873829, -0.0470728278, 0.0514671206,
    -0.187789723, -0.0975001305, -0.00502879964, -0.00384109025, 0.0297306348, -0.122146741, -0.165221974, -0.252981991, 0.0902427435, -0.101778045, 0.216353282, -0.17402935,
    0.0589306988, 0.16045028, 0.0691599548, 0.0018548345, -0.292951137, -0.00731553137, 0.21742022, 0.0141605986, -0.0734103471, -0.348055482, -0.0462445542, -0.163847446,
    0.0850056708, -0.149262637, 0.0328310579, -0.00579210278, -0.0123748314, 0.070641093, -0.134828299, -0.186231956, 0.0842236653, -0.140716404, 0.0783363134, -0.181683809,
    -0.398661166, 0.0106778555, -0.021787351, 0.151662737, 0.0864972919, -0.159660593, -0.272358686, 0.112467557, -0.0848822743, -0.246385023, 0.0573816262, -0.0791272819,
    -0.00476897461, 0.111650363, -0.046956189, 0.153160229, 0.0437766165, 0.0257293861, 0.067819804, -0.187302873, 0.116587788, -0.579570651, -0.089015156, 0.0505604409,
    -0.0551134199, -0.160173953, -0.0752684325, 0.14993228, 0.0736174956, 0.254612654, -0.315366864, -0.0387101695, 0.281485558, -0.0393757671, -0.067291759, -0.16860567,
    -0.103084087, -0.00451821089, -0.0646458492, -0.170950562, 0.0686710626, -0.185696676, 0.0860461891, -0.0288084093, -0.150164992, 0.00337055326, 0.0679364055, -0.561150432,
    -0.0161633939, -0.152083993, 0.0233812798, -0.00132908393, 0.0456962138, 0.041126471, 0.0727360845, -0.0481878668, -0.255565047, -0.144869342, 0.00591909885, 0.0438533537,
    0.0561643764, -0.107507676, -0.000869303942, 0.441257507, 0.018385984, -0.0433856286, -0.0485908277, 0.132065505, 0.0534948371, 0.0611112416, -0.00347152399, -0.0472607017,
    -0.0775906146, -0.105877511, 0.0303950422, -0.107248485, -0.421572328, 0.0833696425, 0.228651091, -0.264955401, 0.0986528173, 0.0850816742, 0.0496382266, -0.128104776,
    -0.0425413102, 0.544792652, 0.0711294711, 0.0574841909, -0.00935441256, -0.0447010957, -0.0612121671, -0.0373804979, -0.114597388, -0.297687382, -0.284865588, 0.0810575709,
    0.137734711, 0.0313357115, 0.297327071, -0.00420312397, 0.0754188597, 0.048666507, 0.041255299, 0.0367552973, -0.081480056, 0.0379330814, -0.0937040299, -0.259153008,
    0.236361533, 0.0272704363, 0.095397301, -0.101912931, 0.112838626, -0.301087469, 0.219113976, 0.0213557854, 0.0389430672, -0.00990832318, -0.0921291411, 0.0314134248,
    0.0384316482, -0.163935572, 0.235758379, -0.331657946, 0.200833857, -0.123164766, 0.100449473, 0.1655173, -0.5689044, -0.0478266962, 0.134190693, 0.0199756697,
    -0.0407309979, 0.25381434, 0.0166132133, 0.119811624, 0.0916269124, 0.204424396, 0.131895199, -0.0231920928, -0.411077052, 0.0690796077, 0.0441537872, -0.0305424668,
    0.0371624045, -0.266031384, 0.0400555581, 0.147144809, -0.0920821279, -0.568464279, 0.0803061426, 0.0320325121, -0.0734722465, -0.0685095787, 0.026391834, -0.197866783,
    -0.149949118, 0.0889250785, 0.343627781, -0.109239697, 0.0281538852, -0.121652007, -0.287689954, -0.345126003, 0.0636732727, -0.0452210307, 0.0215039775, 0.348115444,
    0.0669187456, 0.0412248299, 0.117918938, -0.106885418, -0.313641578, -0.0363630652, -0.0866265222, -0.0174180958, -0.0702233464, 0.0349057317, -0.144041017, -0.288626581,
    -0.0773900449, 0.0063390811, -0.0523315817, 0.0998045355, -0.309881806, -0.11451482, -0.100712836, 0.0855205134, -0.137594581, -0.0386908203, -0.0993054658, -0.0270167217,
    0.0258450657, -0.0228159614, -0.0860041976, -0.0725650042, -0.155227229, -0.00172810652, -0.0796834528, 0.108507559, 0.108104289, -0.0318475552, -0.0360787213, 0.0512716919,
    -0.0134040685, 0.035452351, 0.0495579727, 0.0396279767, 0.00211136043, 0.0362189598, 0.117007926, 0.0736054108, -0.0789019465, -0.0364057794, 0.0267033279, -0.110308804,
    0.0650677085, -0.0540785156, -0.106779993, -0.0234795436, -0.0403470322, 0.0511048287, -0.0722238123, -0.0418547392, -0.123153389, 0.109720886, 0.062355686, -0.103745326,
    0.100602925, 0.0877500325, -0.203995153, -0.0726230815, 0.0109023452, 0.118195876, 0.0583086461, -0.00394870667, 0.0383584723, 0.109578326, -0.129512653, -0.0300793462,
    0.00890426338, 0.0679479763, -0.0675648376, 0.0489562452, 0.0335827172, -0.0254499707, -0.0521780401, 0.0456685722, 0.0447555855, -0.14626354, -0.0645798519, -0.089059934,
    0.0881444439, -0.0920121819, -0.0926401317, -0.125660554, -0.00200472982, -0.012440986, -0.0553583577, 0.0459428728, -0.11588791, -0.0792588219, 0.100063697, -0.0823226869,
    -0.0421853364, 0.0178303346, 0.0438553095, -0.109372661, -0.15177992, 0.106757507, -0.139196262, 0.0401071869, 0.115084141, 0.0132256914, -0.064675346, -0.0486797579,
    0.0739650577, -0.0773187354, 0.0370634049, -0.054733593, 0.0672064424, -0.0828145519, 0.0274591446, -0.0858782381, -0.116386458, 0.0828618035, 0.0034303451, 0.0767326355,
    0.054878559, -0.0993958712, 0.0457515493, -0.0354661569, -0.0806665123, -0.00672699511, 0.0209559537, -0.125574127, -0.117307872, -0.0118361097, 0.0934451967, -0.0934332609,
    0.0789887086, -0.014781028, 0.0561295301, -0.148280293, -0.0958970785, 0.0109940078, -0.110503286, 0.0276001673, 0.0625758916, -0.122937709, 0.0466345102, 0.04929851,
    0.0213747825, 0.0136453975, -0.000471242092, 0.0722104311, -0.083815001, 0.0164427273, 0.105414063, -0.037538074, -0.455215216, -0.0563921966, 0.000247151242, 0.100822739,
    0.213786751, -0.365049541, -0.00563826924, 0.0228199959, -0.0303660333, -0.25114572, -0.0118912905, -0.0310723335, 0.0114905396, 0.0675199032, -0.343992352, 0.224251807,
    -0.00297150854, 0.148364723, -0.103588626, -0.132580921, -0.0188762546, -0.746252894, -0.0220737457, -0.0348084494, 0.061831817, 0.025524877, 0.0335714668, 0.140834019,
    0.22140862, 0.198120415, -0.304034919, -0.0732222423, 0.0375268012, -0.0435831398, -0.247667447, 0.22422941, 0.0716275573, 0.0964961648, 0.00158807705, -0.216783822,
    -0.0398888737, -0.0121294865, 0.0891438723, 0.27473411, -0.0190159269, -0.0180496573, -0.270335972, -0.415563554, -0.057324931, 0.134971842, -0.104327865, 0.0508745387,
    0.0926837027, 0.196783915, 0.104730159, -0.0505743325, 0.0539646409, -0.0336673111, 0.0850258544, 0.101986311, -0.0620907247, -0.173561394, -0.0227098614, 0.0672723278,
    -0.0235394835, -0.0421187133, -0.0928133726, 0.00384688377, -0.108226374, -0.0716363341, -0.0218681097, 0.09763062, -0.0518224537, -0.0166711956, 0.0326013118, 0.00390078127,
    -0.0996741951, -0.0506857634, 0.0560997725, -0.0459915549, -0.0242300034, 0.0333953053, 0.0570609123, 0.12388888, 0.0089558512, -0.0887707919, 0.0262601525, -0.0682306886,
    0.0862484872, 0.0629405081, 0.0177283585, 0.0616162568, 0.0638366938, 0.122597173, -0.0833828151, 0.0514955074, 0.0579660386, 0.0629500598, 0.0533153415, 0.0360551327,
    0.0176784843, -0.0638526082, 0.0842966288, -0.120114118, -0.113072976, 0.058730334, -0.0661734045, 0.0653548986, 0.0483112335, -0.100116536, -0.0402159095, 0.00155100226,
    -0.03036125, -0.0125462264, -0.0393377692, -0.123953253, 0.000778213143, 0.116382435, -0.0612982512, -0.0221137702, -0.124509066, -0.0199676603, -0.0165625066, -0.0744858086,
    0.0262226909, 0.104200855, -0.0418661237, -0.0706602335, -0.124434754, 0.0598258972, 0.0786000192, -0.0191655159, -0.102071583, -0.0866651535, -0.108892724, 0.0065190345,
    -0.015575543, 0.0662139207, -0.0905679017, -0.0352461934, 0.0948029459, 0.0410206467, -0.0925984085, 0.00272965431, 0.0154113621, -0.0556157529, -0.0691401511, -0.05834575,
    0.00834526122, 0.121373177, -0.0584925711, -0.0940519273, 0.0920041353, -0.114309758, -0.0176440179, -0.0817846656, -0.101871595, 0.123246461, -0.0812618732, 0.108139187,
    0.113936543, -0.0692805648, 0.0490083545, 0.0100478083, 0.101774499, 0.0319301188, -0.0483498573, 0.0500450432, 0.0315220952, -0.0133932382, -0.0830670297, 0.105141014,
    0.0232112259, 0.101231188, 0.105009884, -0.0408599228, -0.0918720514, 0.110411137, 0.123277053, 0.0415230393, -0.0846331567, -0.0708645582, -0.0552740842, -0.0486477464,
    0.102885887, 0.0725515485, 0.0161560476, -0.0710265934, -0.0986967683, 0.0644448698, 0.00545951724, 0.0110529661, 0.0597601756, -0.0854979604, 0.0206905548, 0.086025469,
    0.00190005498, 0.206243947, 0.0774135962, -0.0499700755, -0.0580726564, -0.159813464, 0.0188717861, 0.0958745331, -0.318569541, 0.00216150284, 0.272189766, -0.258240968,
    0.0527500734, -0.120141767, -0.0479648411, -0.0379279032, -0.0435658693, 0.036972709, -0.102506921, -0.134284571, -0.0920523256, 0.119488075, -0.0698445141, -0.0673296377,
    -0.0942523777, -0.323791772, 0.0578350127, 0.12369059, -0.10240557, 0.0458644032, -0.00566801336, 0.02062295, 0.0524493009, -0.0880056322, 0.122179337, -0.0721794367,
    0.120621897, -0.0245049857, -0.0899916142, -0.211899579, -0.0870061964, -0.06360282, 0.245876655, -0.0465962887, 0.0429583788, -0.107326649, 0.0501512922, 0.0155590968,
    0.10997133, 0.0127829062, 0.00290286541, -0.0678308532, -0.139282376, 0.0098952651, 0.011308453, -0.236864135, 0.107921146, -0.172931045, 0.115148842, 0.0775880963,
    -0.060293369, 0.0868296698, -0.083570689, -0.0919418335, -0.124708235, 0.0472858101, 0.0300923418, -0.0857818872, 0.118237093, 0.0458834022, -0.0502646714, -0.121447712,
    -0.123149469, -0.0122134984, -0.0775902271, 0.0022417889, 0.0115667284, 0.0515746102, -0.0997680128, 0.0927620605, -0.11705853, 0.0282718297, -0.000715196133, 0.0931835771,
    -0.0106094778, 0.0446902998, -0.0180751234, 0.0213984083, -0.0260546543, -0.0182757825, -0.0402134508, -0.0937178731, -0.137792319, 0.0263029188, -0.00829857588, -0.0129335076,
    0.0476258695, 0.0397683978, 0.0890249461, -0.0848192722, -0.0175626278, 0.119387865, 0.0266702771, 0.00214429712, -0.0911648497, 0.0632701516, -0.106050186, 0.100678518,
    -0.0164716691, 0.114764005, -0.149436891, -0.0342760719, -0.0960741937, -0.0172472, -0.037515685, 0.0226645023, -0.0689523667, 0.0263492577, -0.1252186, 0.0664479285,
    0.0370827913, -0.00364357233, -0.116410062, -0.0666402429, -0.269949973, -0.116963856, -0.177136317, -0.0237540305, -0.264614761, 0.0403939597, -0.280776799, -0.0741141587,
    -0.120912924, 0.172517776, 0.12087433, 0.109995916, 0.164400995, -0.0880213976, -0.101231337, -0.189495355, -0.0958258212, -0.228266507, -0.0409394801, 0.153544411,
    -0.104765281, -0.424842238, -0.022112444, 0.102205604, -0.0309341699, -0.314884752, 0.114542291, 0.101386838, 0.0469087511, 0.215988919, 0.27888909, -0.00954522192,
    -0.0781413913, 0.0907025337, -0.12165191, -0.0366135649, 0.0852157027, -0.00438514352, -0.160031125, 0.249537528, -0.100024864, 0.0551597625, 0.112055913, -0.217269823,
    -0.0541785769, 0.0343280137, 0.0204945747, 0.523623765, 0.117388815, 0.116412304, -0.0524755754, -0.135120228, -0.0176677853, 0.0928180814, 0.0219966769, 0.0890678316,
    -0.157609999, -0.190594837, -0.346210629, 0.47375375, 0.0963247418, -0.0899985656, 0.0815170407, -0.154980585, 0.220111728, -0.0951918364, 0.0188341029, -0.437888771,
    -0.0337714553, -0.0838187858, 0.180781573, -0.0320211947, -0.105817258, -0.493216038, 0.00583151588, -0.0896490216, 0.101591572, -0.0366439223, -0.0239131618, 0.00156115054,
    -0.0950257108, -0.0643061623, 0.0723052621, 0.0438656807, 0.124481007, -0.124270923, -0.0978664756, -0.256610364, -0.106223062, 0.103521593, 0.103385881, 0.00809419807,
    -0.0390162542, -0.219782278, -0.00779275596, 0.122104809, -0.0235680919, 0.0719942153, -0.124843366, -0.282563299, -0.0033942163, 0.0442474484, 0.0131220883, -0.220200315,
    -0.0722039938, -0.0416519009, -0.0782547891, -0.0849145204, -0.165345162, -0.108661115, 0.0385147221, -0.0151864951, -0.0835447907, -0.188984767, -0.0948331654, -0.063087061,
    0.111171871, -0.230686769, 0.0909568369, 0.039322, -0.0826704875, 0.0688870922, -0.168554083, -0.180717483, -0.0621977039, 0.0901114941, 0.08735919, -0.158091769,
    -0.0689665079, -0.0947894081, 0.0541632026, -0.0950732902, 0.141003326, -0.369672447, 0.205807671, -0.0654242039, -0.0293032676, -0.290970653, -0.0958494395, 0.122264758,
    -0.0172419678, 0.112897381, -0.26409182, -0.025741823, -0.129480973, 0.125758231, -0.0411764085, 0.0663661137, -0.0612618476, -0.0935801193, 0.101066247, -0.0922099948,
    0.0890321434, 0.185297996, -0.0578972846, -0.0225209221, 0.145901963, -0.0403355472, -0.248807862, 0.0829326957, -0.134166464, 0.0168209523, -0.294999808, 0.0134887649,
    0.097788468, 0.119688138, 0.114601739, -0.354375333, -0.110911585, -0.0345986933, -0.0894844979, 0.191300467, 0.00776596181, -0.0520654321, -0.233780786, 0.130577728,
    0.092735976, -0.0134834219, -0.094530113, 0.0340741053, -0.108865187, -0.158776492, 0.0311314464, 0.0164984856, -0.238561511, 0.082602635, -0.0110781752, -0.0342235826,
    -0.163880318, -0.149922565, -0.0869275928, -0.062731646, -0.0174017996, -0.144928873, -0.0590526648, -0.109776072, -0.150299922, 0.0585835278, -0.102163449, 0.108766049,
    0.042853862, 0.0806413889, -0.10976164, -0.117123291, 0.00944355037, 0.0757976919, -0.128415242, 0.0404796675, 0.0502427965, 0.0164098479, 0.0563508421, -0.00806571729,
    -0.0443626195, 0.0829419494, -0.0778423399, -0.060457848, -0.114319131, -0.134980977, -0.0459776819, -0.18369472, 0.0356877595, -0.046729926, 0.0849703178, -0.0493551195,
    0.103806995, -0.0925188214, 0.0238153897, -0.112628311, 0.070781365, -0.089815259, -0.0353819951, 0.072212927, 0.0362015367, -0.0744674951, -0.0935865939, -0.0573476404,
    -0.104886256, 0.0283989757, 0.013257443, -0.0790882185, -0.11092563, -0.168752164, 0.0667718649, -0.0928457156, -0.0641754568, -0.179929376, 0.0970978886, -0.0268447399,
    0.0895865709, 0.0609916151, -0.0852423534, 0.0406582505, -0.0271183234, -0.0869091302, -0.106394544, -0.044636175, -0.134323493, 0.0562084615, 0.150369808, -0.0964828655,
    0.0226454865, -0.35622701, 0.267200381, -0.0839217305, 0.124925762, -0.197020397, -0.04212768, -0.114380002, -0.00984550081, -0.109223366, -0.347160637, 0.211934015,
    0.0636245906, 0.0185674969, 0.119883701, 0.134882018, -0.054660067, -0.183971047, 0.0514463037, -0.108701229, 0.105220854, -0.0129435975, 0.0263659507, -0.024726551,
    0.212223515, 0.10507717, -0.16694814, 0.07660947, 0.133083522, -0.0702484995, -0.285590291, 0.066730462, 0.0833277255, 0.0295691788, 0.197517395, -0.231415674,
    0.0730693415, 0.0394032449, 0.0681764632, 0.277733415, 0.120408781, -0.0141041577, -0.344989151, -0.0975065753, 0.0131724477, 0.0658685789, -0.111873865, 0.119076446,
    0.111352861, -0.11147476, 0.0310314, -0.0489248224, -0.00721889921, 0.146465868, -0.010839982, 0.0680181608, -0.198919132, -0.055080656, -0.116535917, -0.0337896608,
    -0.36165455, -0.0896607712, 0.0983773693, 0.0281558968, 0.0569705442, -0.364369035, 0.0280955601, 0.00534522533, 0.0153390616, -0.0339302495, 0.086774528, -0.0789653063,
    0.0599191375, 0.0120707303, -0.392972827, -0.0279882457, -0.0100376708, 0.0368056335, -0.117404789, -0.164908603, 0.0728017539, -0.529273868, -0.0231673867, 0.0498406105,
    -0.115547761, -0.0797256231, -0.0448192656, 0.070498839, 0.00998792052, 0.173502743, -0.271453261, -0.0993362516, 0.0459193252, -0.00099979341, -0.18446815, -0.106362984,
    -0.0749978423, 0.0454125106, 0.0319062471, -0.345535219, 0.0430494286, -0.125120759, 0.000523656607, -0.0336357057, -0.102288969, 0.0529794097, -0.308493465, -0.200716242,
    -0.0275927335, -0.182065725, -0.172732353, -0.0255754348, 0.0500914156, 0.0404120348, 0.00888301432, 0.105732754, -0.167980209, -0.0387680568, 0.05397062, 0.188308612,
    -0.175719202, 0.0449451916, -0.0680864751, 0.177142277, -0.0454317667, -0.0896406472, 0.00176326931, -0.125256538, -0.0425313935, -0.0156874359, 0.0355650373, -0.0762508363,
    0.119704753, -0.0655361712, 0.0451907665, 0.0891343057, -0.0426520072, -0.0677681118, -0.0687131286, 0.0280174259, -0.000960871577, -0.101364791, -0.0355709195, 0.0408109799,
    -0.0353298485, 0.00594681501, 0.0635142475, -0.0559493117, -0.0731597096, -0.144352898, -0.0217324048, -0.0624620579, -0.15500392, -0.124265194, 0.00595788658, 0.0428138673,
    -0.0377677567, -0.054182902, 0.124123499, -0.101372361, -0.03820315, 0.068990171, -0.0725422204, -0.0416191071, 0.123099834, -0.10324727, 0.0599955618, 0.0742494315,
    0.0366255865, 0.0222035348, 0.0435040891, -0.0249396414, 0.103813991, -0.158105806, -0.0386183932, -0.169732556, -0.000483468175, -0.000162674158, 0.0627667755, -0.0788542032,
    -0.115714312, -0.103538975, -0.0563048571, 0.00717808306, -0.0840024501, -0.0960704535, 0.0658268183, -0.102182269, -0.0641093999, -0.0983305201, -0.121902466, 0.0553861111,
    -0.0353611074, -0.0434226915, -0.170536414, -0.0319376439, -0.0828355104, -0.0773650259, -0.0950267166, 0.0112412125, 0.0582154021, 0.116798267, -0.0749034807, 0.0458032861,
    -0.0173647553, -0.0380567871, 0.0231480449, 0.0257136989, -0.0703881979, -0.0212407187, -0.0991725922, -0.102530181, 0.110044375, 0.0462695844, 0.0463919193, 0.0635122061,
    0.0204733461, -0.0406711772, -0.113920435, -0.101868525, -0.0413947813, -0.0251177847, -0.0654501617, 0.101631969, 0.100044176, 0.101835921, -0.146603525, 0.00436979579,
    0.0288325697, 0.0105316043, 0.107444122, -0.185058787, -0.125189826, 0.0622585565, 0.00299353059, -0.107740119, 0.0304947793, -0.100602426, -0.15323475, 0.0215347428,
    -0.0667801648, 0.0311502032, 0.0603843927, 0.0208689384, 0.0411627181, -0.139758378, -0.125587463, 0.00758845685, -0.0580187775, -0.127806023, -0.0856097192, -0.158085033,
    0.10242673, 0.0737569332, 0.0695266277, 0.0178484432, -0.0475122929, 0.360713094, -0.283683777, 0.0861939043, -0.0976562053, -0.0404766463, 0.060675893, 0.123422578,
    -0.135427848, -0.00268930197, 0.198956668, -0.036216151, 0.126331523, -0.166535094, -0.025404036, -0.102288112, -0.0740838349, 0.25451231, 0.0795363635, 0.114025757,
    0.086172238, 0.0345623121, 0.0362357795, -0.0296183191, -0.180139422, -0.288899213, -0.0230345093, 0.0296971761, -0.0145714674, -0.0242466778, 0.209666535, 0.0655112937,
    0.00452962518, -0.0699413717, 0.096137628, -0.0144487247, 0.145440891, 0.0138405068, -0.11994347, -0.118383609, -0.141204283, 0.121204913, 0.291432291, 0.112589471,
    -0.0380279869, 0.0188182555, -0.0404999144, 0.10094472, -0.0479195565, 0.0503139794, 0.0270427316, 0.135411486, 0.232914001, -0.143102601, 0.023583008, -0.192089841,
    -0.116186865, 0.113809906, -0.0210436434, -0.205499202, 0.0184600428, -0.154290795, -0.0849134773, -0.150897458, 0.0269923154, -0.0472010113, -0.0641970485, -0.0167275667,
    -0.111893475, -0.0281640887, 0.0572066009, -0.0437224954, 0.0450276583, 0.0377016217, 0.0300713573, 0.051902432, 0.0795727521, 0.0904680043, -0.0106944442, 0.0718529299,
    0.0275964737, 0.106833458, -0.0452242792, 0.0599328279, 0.0594550222, 0.00400227215, -0.0206536502, -0.0489421785, 0.070467636, 0.0675082505, -0.0944125205, -0.0139373094,
    -0.0519820228, 0.0130580664, -0.0559918582, -0.0515664369, -0.0922703296, -0.0161539763, -0.0412094928, -0.047211092, -0.00976406038, -0.0994572937, 0.112306982, -0.15254429,
    0.0432041325, 0.112772182, 0.0249071922, -0.107345819, -0.0465575755, -0.0469478592, -0.119628817, 0.0215296745, 0.0690619498, -0.0489373282, -0.0949531794, 0.0240730792,
    0.0868450403, 0.00800931454, -0.0988877192, 0.0766072869, -0.10529536, 0.054890655, 0.0725409538, 0.0277487785, -0.00482112169, 0.114700764, 0.0586938709, -0.0769936442,
    -0.119750187, 0.119118124, -0.0666223764, -0.103024542, -0.0433046371, -0.00798557699, 0.0542705804, -0.00256372988, 0.0467436165, 0.10281989, 0.0315617323, -0.095831871,
    0.0386018902, -0.0256640911, 0.0953023732, 0.0359191, 0.0264567435, -0.0343423635, -0.107071862, -0.119978607, 0.0470262617, 0.0250903666, -0.0609060675, -0.0260951072,
    -0.0134001225, 0.113929063, 0.0422040075, 0.0762426704, -0.0727270991, -0.0357598364, -0.0980202258, 0.122476384, -0.0831663013, 0.11150372, 0.0898377001, -0.118753314,
    0.0277762115, -0.0858471543, -0.0530546904, 0.0112928152, -0.0995328426, -0.0319161266, -0.0467422307, 0.0119549185, 0.0490258783, -0.0220671892, -0.0251988322, -0.0939139128,
    -0.0240943581, -0.0850279033, 0.0917454213, 0.0117072761, -0.0901016742, 0.0215177238, -0.0336703211, 0.0891124904, -0.0948080122, 0.0253978521, -0.0476995558, 0.0251670927,
    0.261809558, 0.0935609788, -0.143803328, 0.262394011, -0.0843869969, 0.0706892312, -0.289866179, 0.0186769366, 0.0251087546, -0.072651647, 0.0398235768, -0.0772062242,
    -0.184946641, 0.000624760985, 0.354542553, -0.0605892874, 0.134836316, 0.0333843976, -0.120764285, -0.123916514, 0.090257749, 0.356983095, 0.073677063, 0.015688682,
    -0.122736946, 0.0241772849, 0.0335996896, 0.0380698815, -0.118684612, -0.0970008373, -0.125701442, -0.0984482318, 0.0698925182, 0.0269533545, 0.369691283, 0.0388003513,
    0.0638697892, -0.046689719, -0.0264472831, 0.0466645509, 0.0222487301, 0.10064961, -0.123173296, -0.197503477, 0.313757181, -0.0186225921, 0.355488867, 0.09027455,
    0.0260823369, -0.0255347192, 0.217020899, 0.0167198442, 0.0202242136, 0.15129821, 0.0532057434, 0.128352419, 0.247897804, -0.179156348, 0.177780405, -0.124392278,
    -0.0632364899, -0.02504622, -0.109255299, 0.103622258, -0.00163970853, -0.0639857054, -0.0934786648, -0.0856683329, 0.0504104793, -0.0420781747, -0.139025882, 0.0795826167,
    0.109655201, 0.0434958935, -0.10991478, -0.062834084, -0.0283567011, 0.104083285, -0.0453014188, 0.0117588788, -0.0133653134, 0.0121851116, -0.0425503701, 0.0225607455,
    -0.072134614, 0.0690905005, -0.0758081824, -0.00153443217, 0.010478884, -0.0314792022, 0.0852714181, -0.170645401, -0.13499099, 0.0847087801, -0.156673044, 0.0982817262,
    -0.176179975, 0.0897870213, -0.1702438, 0.0487682223, 0.100533903, -0.10051702, -0.163933396, -0.0717705637, -0.106953591, 0.00132910907, -0.0972621441, -0.10326457,
    0.0550922751, 0.0591964871, 0.0441782326, 0.111666366, 0.0587418079, -0.106456771, -0.0140761286, 0.110999301, -0.111269578, -0.165734023, 0.0361201167, 0.0978086442,
    0.00450082123, -0.126274809, -0.162242427, -0.0717514902, 0.0335857719, -0.0416394025, 0.113451302, -0.0524955578, -0.0971932337, -0.00172333966, -0.101992086, -0.00832654256,
    0.0536878146, -0.0160594732, -0.0300335474, 0.0701710731, -0.0535810739, 0.0287636667, 0.00164246559, 0.0875870883, 0.0360784158, 0.111719251, -0.0814818889, 0.0477099195,
    -0.102758184, 0.0613557138, -0.0973752886, 0.0902559981, -0.0383029431, -0.0882866979, 0.124429196, -0.0872643739, 0.0590236336, -0.0407806933, -0.109220073, -0.0641533136,
    0.0476692207, -0.0447848029, -0.0903571844, -0.0768313855, 0.107306346, -0.0795354992, 0.0432457626, 0.108536758, -0.101951003, 0.0722133815, -0.0810899511, -0.0142853968,
    -0.0721176416, 0.0991395712, 0.0587989539, -0.0867083445, -0.0103257159, 0.111323476, 0.015744701, 0.0606090166, 0.01830782, 0.00377431442, -0.0769708306, 0.0565409586,
    -0.108077437, -0.0624609441, 0.0730026066, -0.0147452839, 0.0501487069, 0.00471602008, -0.0644155666, 0.0202882979, -0.137899667, 0.00447114976, -0.104413226, 0.0120663252,
    -0.0540072769, -0.0986228883, -0.0104308538, 0.0447351709, 0.0244942158, -0.11080382, 0.0137067335, 0.0444999188, -0.12337777, 0.00590974418, -0.00779603515, -0.106300548,
    -0.00309825386, -0.0948109776, -0.104989365, -0.0511233956, -0.0279577672, -0.0187602174, -0.027183339, -0.100604467, -0.0886176676, -0.0138545772, 0.055138275, -0.074017711,
    -0.048543632, -0.197170839, 0.0253320187, 0.0173493661, 0.0452341177, -0.0316351689, 0.000224718198, -0.0885841399, -0.169675067, -0.0575544387, 0.0323155075, 0.0571711622,
    -0.0855470002, -0.0271091759, -0.119191028, 0.0452384464, 0.0904329419, -0.0367094502, 0.0714437515, -0.156264454, -0.0433177762, -0.0562703907, 0.0346918479, 0.0339851379,
    0.045856148, -0.0626507625, -0.135926023, 0.0244402289, -0.0536887944, -0.149248719, -0.0169419646, -0.0667260587, -0.0777934417, 0.051914949, -0.14730683, -0.0541210398,
    -0.110104293, -0.0173756126, 0.066471085, 0.0353303887, -0.0756891891, -0.102088682, -0.0698542148, 0.0723812878, -0.012574479, -0.134154946, -0.119339004, 0.0507054925,
    0.0207847804, -0.016378263, -0.108412266, -0.0301024765, 0.0323575325, 0.0632810593, -0.0483442843, -0.0710744336, 0.00302353501, -0.0209971163, -0.0481076837, -0.103732936,
    -0.104120672, 0.0522234812, -0.00426328182, 0.00435492583, -0.0018132925, -0.0738673806, -0.0159733593, -0.0940129012, 0.0627521351, -0.0243366528, -0.0890196487, -0.056069985,
    -0.138780206, -0.0684969276, 0.101491101, -0.0345438123, -0.105553031, -0.0713676661, 0.0340860486, -0.0629827082, -0.0207221955, 0.0253915042, 0.103626966, -0.0439078137,
    -0.0356945507, -0.0691216141, -0.0456066988, -0.135192379, -0.0654025078, -0.178640127, -0.146293193, -0.0568679348, 0.0370472521, 0.047197219, -0.114757955, -0.0272102058,
    -0.1462017, -0.00917140674, -0.047488682, -0.0560539961, -0.226885512, -0.188944146, 0.12061277, -0.0575036779, 0.0909859836, 0.126075491, 0.00743544893, -0.00147546339,
    -0.115719214, 0.29859221, -0.241476744, 0.00214022398, 0.0197311342, 0.0086192945, 0.0656201765, -0.0214350224, -0.280435026, 0.00658378005, 0.238450408, 0.0217104107,
    -0.0858864486, -0.113220274, -0.0969144404, 0.0428373814, -0.0130407661, 0.377042949, 0.0964128375, 0.144499674, 0.0611682832, -0.0160881896, -0.0721779317, -0.0668556541,
    -0.220765918, -0.0727464184, 0.0522525124, -0.0618590266, 0.100678153, -0.0431341678, 0.265942901, -0.0637710765, 0.0122374445, 0.0287128538, 0.0724676996, 0.122489907,
    0.100283295, 0.0565541983, -0.0916381478, -0.223529905, 0.179488763, -0.0725707859, 0.273563504, 0.0183584113, 0.087867409, 0.0648784637, 0.131208152, 0.143327549,
    0.02581954, 0.020003546, 0.0621155053, 0.100703068, 0.138797119, -0.146328703, -0.0227947365, -0.0725863725, 0.138654187, 0.0758699849, -0.0488007218, 0.117231481,
    -0.0658979118, -0.110727325, -0.00905224681, -0.0445158482, -0.0619048625, -0.0561954379, -0.0635490566, -0.040068239, -0.0721744746, 0.0197192878, 0.0111014843, -0.0662363768,
    -0.078901425, 0.0167411566, -0.0570002347, -0.0933824778, -0.0936618745, -0.121991947, -0.0559343547, -0.105125904, 0.0546282828, 0.0321998596, 0.10165213, -0.0715042353,
    0.106483877, 0.0747104287, -0.0127933323, -0.0679999143, 0.0332318842, 0.0711648613, 0.00254449248, -0.0463699847, 0.0709474832, 0.0292794108, -4.03821468e-06, 0.0186555535,
    0.104075924, -0.121312916, 0.086750716, -0.0166636705, -0.0319725275, 0.0256278366, -0.115967497, -0.0346118957, 0.118992522, 0.0493580848, -0.0643676668, -0.0293845832,
    0.0287826508, 0.0107821375, -0.0892870426, -0.0410110354, 0.0185447335, -0.0329995006, 0.0458722711, -0.111697078, 0.0615580678, -0.112985939, 0.1213779, 0.0551602095,
    0.124331251, -0.0116468519, 0.0789559036, -0.0706489086, -0.0382536352, -0.153333008, -0.0111840516, -0.0805507228, -0.104861401, 0.0863687396, -0.00707739685, -0.0717184693,
    0.0887369365, 0.155043498, -0.0230419487, -0.0782430768, -0.198157713, -0.00338964164, -0.0775333047, -0.137476787, 0.0820464939, -0.160019293, 0.0268733203, 0.0378388949,
    0.0443869233, -0.0190948639, -0.0166073442, 0.059142869, -0.0977034569, -0.0857715532, -0.00124493241, -0.0412214696, -0.0328504741, -0.115759552, -0.0512650907, 0.063801378,
    -0.0388770513, -0.0677040815, -0.0375955738, 0.106334984, 0.0266927034, 0.111936808, -0.192279294, -0.184787735, -0.121687293, -0.0241740495, 0.100519627, 0.047125347,
    0.00140953274, 0.1031221, -0.0145666469, -0.0698572546, 0.0959167331, 0.0224019848, -0.0123098362, -0.0239471011, 0.0620219111, 0.11132846, 0.0821612179, -0.0381391048,
    0.0677726716, -0.181928232, -0.0323590226, -0.162698299, 0.0265153889, 0.0560229346, -0.065315932, -0.022261329, 0.0803329349, -0.0774338245, 0.0359609611, 0.026312761,
    0.0315779783, -0.182510644, -0.109740324, -0.0101145953, 0.0308691561, -0.0490303263, -0.0157369189, -0.0988154858, 0.0274477191, -0.0432054996, 0.00491808541, -0.0949660316,
    -0.113548309, -0.133056343, -0.0713554621, -0.0158016086, -0.0333981365, -0.120697789, 0.0193528533, -0.130504936, -0.0326325148, -0.116641834, -0.0115807056, -0.0963500589,
    0.0604396313, -0.112106755, 0.0472403653, -0.0532003678, 0.0581355207, -0.105408534, -0.173323199, -0.052532699, 0.0965965688, -0.0294984132, 0.0539797172, -0.0231111441,
    0.123875409, -0.111796647, 0.0256152302, -0.145214587, -0.0255902465, -0.0167870969, -0.0457729958, 0.125232384, -0.073947981, 0.00354172429, 0.108545721, -0.00222301553,
    0.119729057, -0.0591805354, -0.110783085, 0.0630038232, 0.0100185256, -0.101762325, 0.058864262, -0.0385489799, 0.00405633636, 0.0414443761, -0.0689973831, 0.105490863,
    -0.0517042726, 0.024109602, 0.124790162, 0.00942358375, 0.0693006516, 0.0162472278, -0.0881999284, -0.11844638, -0.0182508826, -0.0766958296, -0.002833426, -0.0100134164,
    0.0255127549, -0.0143925101, 0.0308237672, -0.119731382, 0.0405326933, 0.0651288927, -0.0646688044, 0.04318811, 0.094833523, -0.0935883373, 0.110282511, -0.0100145638,
    -0.0582230538, 0.102405608, -0.0454631597, 0.0753190219, 0.0726906359, -0.0362871885, -0.00512838364, 0.112145856, 0.0197793543, 0.0468342453, 0.0561766028, -0.0466611087,
    0.0014282614, -0.116231233, -0.0912842453, -0.0904720128, 0.113987863, -0.0901561826, -0.0810018778, -0.0844952762, -0.103017285, 0.0827307999, -0.0228062123, 0.0326690972,
    0.0591870844, -0.0237163305, -0.0553391129, 0.0164373666, 0.0111356676, -0.00170680881, -0.0411872268, 0.00274471939, -0.0572154224, -0.103526413, -0.0434058607, -0.084763661,
    0.078542605, 0.0109546483, -0.000877186656, -0.103898287, 0.0353271142, 0.0296137687, 0.0468290038, -0.0474485606, -0.011729301, -0.0432343632, 0.0414579548, 0.0478596836,
    -0.122094586, -0.110161111, 0.0135415541, -0.0973493159, -0.121471763, 0.0112289488, -0.107219204, 0.0293365158, -0.112826273, -0.0641116127, 0.0767821223, 0.0178721715,
    -0.0446408391, -0.0925999433, 0.0590686202, -0.0289358329, 0.0112418383, -0.171792537, -0.0513448864, -0.114243127, -0.0368801691, -0.125228599, -0.103538178, -0.0221071187,
    -0.0328010917, 0.112000138, -0.0584401526, -0.0389136784, 0.0398977548, 0.0287671983, 0.00802128296, -0.00571538834, -0.113572031, -0.00639761239, 0.0502313673, -0.0658252984,
    -0.0341497473, 0.112560347, -0.0538724363, 0.0946992487, -0.0731279105, -0.0963948891, -0.0713189244, -0.0441972315, 0.0141921639, -0.0363060832, 0.00536945462, 0.0937892497,
    -0.08657296, -0.0328629725, -0.0703874156, -0.008930251, -0.0457049347, 0.0216649398, 0.0486795753, 0.0400080122, -0.0769936144, 0.122192636, -0.00153388083, -0.112881526,
    -0.0756441653, 0.0326483101, -0.0386258215, 0.0625402778, -0.0578110814, -0.0545699894, 0.0489200205, -0.0381217003, -0.0601542741, 0.117258281, -0.0363857299, -0.008138448,
    -0.0220156312, 0.0405567139, -0.0375002772, 0.00211413205, 0.020624876, -0.0126237422, -0.0158866495, -0.00582374632, -0.0153925121, -0.104362831, 0.0635765344, -0.0425162464,
    -0.117323995, 0.0858593881, 0.0166881084, -0.00684185326, 0.0495432913, 0.0447222888, -0.0106444508, 0.0359122008, -0.0354955792, -0.0689457655, -0.074805066, -0.0407279581,
    -0.0864027292, -0.0787633508, -0.0845823586, 0.0235083252, -0.0795938075, -0.0936980695, -0.0848273635, -0.0609067827, 0.119708776, 0.0718336254, 0.0896904171, -0.0809172392,
    -0.101391956, -0.0605027676, -0.0691457689, 0.0652218312, -0.0627117753, -0.049533084, 0.081165731, 0.0515419096, 0.118503928, -0.00741018355, -0.111946389, -0.0907176137,
    0.014328748, 0.0445287824, -0.0427666306, -0.0951235443, -0.0723454505, 0.0897517502, -0.0663486123, 0.076504156, 0.0856305659, -0.11962615, -0.0236026496, 0.0848404616,
    -0.0769292712, 0.0445630699, -0.0770761073, -0.013533026, 0.112645283, 0.0709206164, 0.0535485744, -0.100456491, 0.112340823, 0.070795998, 0.0842371583, 0.0397695005,
    0.0166774839, -0.0585426092, -0.035507068, -0.0648371428, -0.00286597013, -0.115147993, 0.0109050572, -0.0440774113, -0.0703723133, 0.124876395, -0.0755044371, 0.013985157,
    0.0196961612, 0.0259963125, -0.0599901974, -0.052985847, -0.0662172437, -0.119639665, -0.114257917, -0.118392989, -0.0547070205, 0.0206692815, 0.0754863173, -0.116018966,
    0.0239911973, -0.081352964, -0.0808382034, 0.0850637704, -0.0462146252, -0.097465992, -0.036246419, -0.0874144584, -0.043474257, -0.0994893759, 0.0535616279, -0.038817361,
    0.0764900446, -0.0999425203, -0.116278961, 0.00199878216, -0.549156666, 0.0419400968, -0.15683727, -0.174375191, -0.130492583, 0.225504607, -0.017616041, -0.0340600461,
    -0.00522769988, 0.280198038, -0.127106667, -0.00635656714, -0.238614157, -0.0707781315, -0.0564910844, 0.074801974, -0.091816321, 0.0027543921, 0.0423493236, 0.0307881366,
    0.0534193367, -0.778029144, -0.0357746184, 0.0442382917, -0.0325743109, 0.0965824649, -0.0107455999, -0.259119511, -0.138783187, -0.113072224, 0.266665518, 0.0335100256,
    0.0318532549, 0.0364689827, -0.36566624, 0.0871041715, -0.0559491664, 0.0764540136, -0.058006037, 0.280640364, 0.0243930072, -0.121043876, -0.0221600085, -0.113372378,
    -0.202261969, 0.0510712862, -0.219350651, -0.0574496165, -0.108349144, 0.118545718, -0.0205422696, -0.186150983, -0.0628447235, -0.0175803918, 0.0286560804, 0.0101881735,
    -0.0779593885, -0.234052166, -0.0573346466, -0.0985825509, -0.0603939481, -0.206314012, -0.114547774, -0.213329136, -0.0556856766, -0.0195413884, -0.0553174615, -0.0489395484,
    -0.0129854139, -0.0264994875, 0.198228866, 0.10670647, -0.0260349065, -0.0667133033, 0.0552075021, -0.109326348, -0.103973866, -0.0883212984, 0.259628594, -0.146826699,
    -0.0758951306, 0.052263312, 0.0981688052, -0.10719981, 0.0844313204, 0.304607153, 0.0598479509, 0.030698806, -0.0165790319, 0.12945126, 0.010785237, 0.19528006,
    -0.129905432, -0.396340758, -0.00117389509, -0.0690539181, 0.0687502027, -0.108452275, 0.275851756, -0.0629426241, -0.0363934189, -0.0917162448, -0.00382319745, 0.143514186,
    -0.0116862832, 0.126202583, 0.0150875896, -0.120718539, 0.0426165275, 0.080931738, 0.195229992, -0.188835233, 0.0293037146, -0.379382849, 0.152673855, 0.0547812805,
    0.0945331007, -0.0257223044, -0.0256130248, -0.123051234, -0.0102820639, -0.16572237, -0.017562557, -0.420478851, 0.0764640942, 0.0783970356, 0.101323202, 0.102496274,
    -0.0191478934, 0.00852945633, 0.00697460165, -0.100389443, -0.0420185737, 0.0434063151, 0.111961156, -0.0636432022, 0.0774053782, -0.103896447, -0.0177978724, -0.0877021402,
    0.0295108985, 0.0295566171, -0.0977681056, -0.0343587212, 0.108599178, -0.139854804, -0.0536240339, -0.0149113024, 0.0228899419, 0.0646415353, 0.0298813432, -0.0156733021,
    -0.065034613, -0.0868262947, -0.0284529328, 0.00590325426, -0.0752889961, 0.0483352728, 0.0117956791, -0.083153218, -0.0835352838, -0.0808721334, -0.0778054595, -0.143614531,
    0.096903041, 0.101365522, -0.069205977, -0.103183873, -0.0232279748, 0.13382405, 0.0159773976, -0.0739326477, -0.124479957, -0.0311216861, -0.0849608555, -0.0141621996,
    -0.109613791, 0.0278264787, 0.0766802132, -0.118588887, 0.0753514767, -0.158756554, -0.0478569865, -0.0549954027, -0.0781632364, 0.0453307815, 0.0827333555, -0.118164062,
    -0.141612858, -0.141242325, -0.0955920815, 0.0537097119, 0.12786743, 0.122669071, 0.0909991786, 0.0630838349, -0.0248897374, 0.128700539, 0.123128831, 0.0581174344,
    0.03739658, -0.270564586, -0.0332041271, -0.0774103552, -0.127309844, 0.0619618595, 0.310472339, -0.19677867, -0.115489997, 0.0684613585, -0.0524258614, -0.159546912,
    -0.0798238367, 0.215212032, 0.0466039628, -0.244348541, -0.00640158355, 0.129450783, 0.016602695, 0.0984985381, -0.021329606, -0.247754171, -0.0515001677, -0.0577381514,
    0.00342923868, -0.0689603984, 0.0102665303, -0.1516532, 0.0292564631, 0.00647425652, 0.0347168148, 0.085945785, -0.0537349544, 0.0762452334, -0.0882519484, -0.244225696,
    0.200664133, -0.0140945613, 0.329099238, -0.116856575, 0.0347097218, -0.522919834, 0.0906206146, 0.104589589, -0.0684568435, -0.0199952647, 0.121737018, -0.0617579818,
    0.0275833029, -0.163457617, 0.0896620899, -0.468680173, -0.012217694, -0.0594328344, 0.110257521, 0.170688614, 0.17037791, 0.0312424786, 0.12060006, -0.374679685,
    -0.0546675287, -0.101662971, 0.360087842, 0.056683287, 0.0947259068, -0.773728728, 0.0591101162, 0.101668522, 0.289081097, 0.0135471523, 0.0836799368, 0.0407501683,
    -0.0458204858, 0.154832006, 0.0913760215, 0.0836552158, -0.09144409, -0.0839648843, 0.064658761, -0.430757999, 0.0361490548, 0.0556812994, -0.0380961299, -0.0239291228,
    0.16430375, -0.0691869855, -0.0524480194, 0.0838213116, -0.137821674, 0.0115159154, -0.358252525, -0.482922435, 0.0257011503, 0.0150366575, 0.204476058, -0.241755739,
    0.0534611419, 0.0874590129, -0.11815533, 0.04559277, -0.171843797, 0.0553778112, 0.0325759724, 0.0448896401, -0.101142079, -0.106622249, -0.1378773, 0.0219465941,
    0.0432543308, -0.460970968, 0.0125113726, -0.119161293, -0.482993573, 0.157582626, -0.197105661, -0.331864685, -0.133463487, -0.137876898, 0.0748475343, -0.517365754,
    -0.0600243509, 0.0317885876, -0.0201277733, 0.0776860416, -0.0714572519, -0.0870328993, -0.112013757, -0.0802571326, 0.0389847904, -0.0533856899, -0.0871277452, -0.0944511145,
    -0.0908274055, 0.0377776474, -0.0319422036, 0.0319851637, 0.105455115, 0.032766372, -0.0212573111, 0.0503275096, -0.0079369694, 0.0169047862, -0.0488529801, -0.107914537,
    -0.026819855, -0.0249296278, 0.0814134628, -0.103678107, 0.105122834, -0.0314892381, -0.0920556486, -0.021151334, -0.0334601551, -0.0526155978, -0.0630718768, 0.064817816,
    -0.0546621829, 0.0603603125, -0.0978648067, 0.0714396834, -0.087086916, 0.0516450107, -0.0512299389, -0.12496312, -0.0310843438, -0.117396578, -0.02425915, 0.0931728929,
    -0.0911551416, 0.109359279, -0.0329750031, -0.12072137, -0.0170145035, -0.115699157, 0.0223144442, -0.00636537373, 0.11374861, -0.0254475921, -0.0580795705, -0.080207631,
    0.0914446712, -0.0521266758, 0.0839083791, 0.0422746241, -0.0810243189, -0.117004983, -0.0924735665, -0.00518010603, -0.158840343, -0.068916142, 0.00183667219, -0.00628000498,
    0.118560493, 0.100555822, -0.0483539701, 0.00701357424, -0.124907732, -0.0395101607, 0.12227127, -0.00140331849, 0.0660713613, -0.0019744006, 0.0677062869, 0.0340852812,
    -0.0178148597, 0.0436205715, -0.0333126783, -0.110104084, -0.0958952457, -0.07386823, 0.0946517736, -0.12794961, 0.0131521448, -0.0473407656, -0.0811870992, -0.0265277028,
    -0.0792671293, 0.12424019, 0.0697263926, -0.0379891656, 0.00340050459, 0.0911632478, -0.107099041, -0.0363538861, 0.086597234, -0.0560883433, -0.0941129178, -0.0928736106,
    0.0178934708, 0.0235646218, -0.063121587, 0.0470824242, -0.0441481918, 0.0540343411, -0.0883880705, 0.119409889, -0.0528313518, -0.0677145869, 0.0802640766, 0.0675115883,
    0.0163748413, -0.0577276796, -0.0578248873, 0.0553458855, -0.00154285133, 0.10645707, 0.0558716059, -0.105218574, 0.0785031021, -0.0840603262, -0.0734562576, -0.0729634613,
    -0.102355942, -0.0845196992, 0.0316743404, 0.0722030401, -0.0804641545, 0.0691203624, -0.0469124764, -0.102901712, -0.059485361, -0.0273117125, 0.040851444, 0.00458773971,
    -0.0235772729, 0.00318828225, -0.0471084863, -0.100689605, 0.115712211, -0.0245308429, -0.0767988563, -0.124269158, -0.0862609148, -0.0156041235, 0.102145597, -0.00741001964,
    -0.0439660996, -0.118806913, 0.011747241, -0.112289891, 0.100811973, 0.110680521, 0.0177482814, -0.00248485804, -0.106091917, 0.0662439764, -0.0497990996, -0.0395336449,
    0.0360237062, -0.109020054, -0.0827289522, -0.0440663546, -0.075480625, 0.0521065891, 0.000965893269, -0.00305750966, 0.0470393598, -0.0868799388, 0.0986082107, -0.117739528,
    0.0826210231, -0.0806496292, 0.0386434644, -0.10213697, -0.0410594791, 0.0755561292, -0.030552581, 0.0914751291, 0.102525145, 0.0748248547, -0.0863983184, -0.124384686,
    0.259284854, -0.160891056, 0.135821819, -0.264484435, 0.15132539, -0.240868315, 0.225823611, 0.0769020915, -0.0829436332, -0.724332213, -0.00448904606, 0.0884758234,
    0.109507084, -0.0319528729, -0.013024427, -0.0530663803, -0.0539888255, -0.016338136, -0.0196799338, -0.0370832495, -0.0799530298, -0.101079926, -0.0832940489, -0.225935295,
    -0.0157166272, 0.0425060205, 0.0356040299, -0.0749043077, 0.0724684969, -0.0336424038, -0.0571064316, 0.0719778016, -0.118786186, 0.00253753364, -0.362577081, -0.407780826,
    0.0114616454, 0.0712604821, 0.187234282, -0.251022279, -0.140527338, 0.0786129311, -0.107221365, -0.0252215769, -0.111050591, 0.0983226597, -0.161252901, -0.101520032,
    -0.0653971732, 0.0187139139, -0.110848062, -0.11111217, -0.0247070789, -0.330978096, 0.10278137, 0.0831749514, -0.308916181, 0.195124939, -0.296076447, -0.157911584,
    -0.0436708294, -0.205394328, -0.0574835539, -0.402090341, -0.0748570561, -0.0562834144, -0.0438267738, -0.245890126, -0.107216865, -0.139895156, -0.085123919, -0.0306662321,
    0.0356103629, -0.15388535, -0.0959302634, -0.0157952607, -0.146312669, -0.0940791816, -0.125933573, -0.0551148802, -0.121617272, -0.0595989116, -0.0310340971, -0.164080814,
    -0.0909294784, 0.00375404768, -0.0192063153, -0.103911929, -0.0135407448, -0.0787884742, 0.102536798, -0.0323073044, -0.202519611, 0.0142996572, -0.19971469, 0.0112570673,
    0.0473014712, -0.112690717, 0.10632927, -0.14292784, -0.085289821, 0.104295969, 0.0326952487, -0.0190487262, -0.0464751869, -0.0552022196, 0.096193552, -0.0300171971,
    -0.123529375, -0.00214485824, 0.0139290551, 0.00193448993, -0.0796616226, -0.0831156299, -0.0790370032, -0.00366919115, -0.0381426364, -0.0332233235, -0.0918925256, 0.122551799,
    0.012516832, -0.00786363799, -0.0774109662, -0.204117149, -0.125891268, -0.106579952, 0.0633946806, -0.094848536, 0.119326472, -0.0504859686, 0.0809915364, -0.075766474,
    -0.114952564, -0.0480346531, -0.0113964826, 0.0586333722, 0.0983770788, -0.0481792092, -0.120506242, 0.05235295, -0.119949147, -0.107764751, -0.122195199, -0.0174622387,
    -0.0617875904, 0.0716816038, -0.000982359052, -0.12285082, -0.100568548, -0.0470112264, -0.0485770255, -0.0912652016, 0.0638721585, -0.0284354836, 0.101231113, -0.0795764327,
    -0.0132082403, 0.0514812022, -0.0675273836, -0.0500470847, 0.0189491063, -0.0160589069, 0.042657733, 0.102917895, -0.0122999996, -0.0704055727, -0.0347668976, -0.0587966144,
    0.00920711458, 0.0488266051, -0.048191905, -0.0264044851, -0.0583297908, 0.0154948533, -0.0714733154, 0.0607376397, -0.0543789268, 0.0347238034, -0.121355206, 0.0376909524,
    -0.0925286561, 0.0741152316, -0.0239575803, 0.0482224524, -0.0182065964, 0.00698702037, -0.0740373135, -0.0293521881, -0.0969384462, -0.109516531, -0.0319204628, -0.106292337,
    -0.0592789464, 0.0994420052, -0.101092234, 0.0860158727, 0.0931781381, -0.160407797, -0.0159288812, -0.0181644708, 0.0954926759, -0.0363840014, -0.0590393543, 0.0727370679,
    0.0840900838, -0.112887233, -0.155951068, -0.0762730837, 0.118692026, -0.0220561065, -0.108245522, 0.0184149314, 0.0662516207, -0.148511812, 0.0727858692, 0.0329075642,
    0.0728771687, -0.0498980284, -0.0071260184, -0.124929421, -0.110348657, -0.00807481445, -0.134917021, -0.0968482345, 0.0504875407, -0.0701492131, 0.0715605691, -0.0348170921,
    -0.031969294, 0.0642331392, 0.0116031347, 0.0482691787, 0.0551551282, 0.0681378841, 0.0100895017, -0.119449772, -0.0607674904, -0.11041674, 0.0392115116, 0.0965013877,
    0.0133461952, -0.103833742, -0.02861665, -0.0256782733, 0.000892713666, -0.0752066225, -0.0685763955, 0.0811757669, -0.103873834, 0.0513430908, -0.0183183793, 0.0318110399,
    -0.0259545986, -0.0592285842, -0.123376489, -0.113633238, -0.142557502, -0.0326712728, 0.110493332, 0.0292198453, -0.0578481741, -0.0034030301, -0.0568964034, -0.0622376353,
    -0.0778789073, -0.0882379338, -0.091894865, 0.113044664, 0.126601115, 0.0462934971, -0.00788448006, -0.060649056, 0.0799693763, 0.0268808622, 0.00465209782, -0.058190424,
    -0.115095839, -0.0115635339, 0.051166594, -0.0479461998, 0.0493768156, -0.167650312, 0.00850121677, 0.0807518959, -0.0982274339, 0.0395404063, 0.0511359498, 0.0960117429,
    -0.0881776288, -0.102046788, -0.0174835082, -0.035268385, 0.112326607, 0.0381570309, -0.170945257, 0.0760326833, 0.0521100163, -0.0742283762, 0.0771072507, -0.0384125412,
    -0.0134755988, 0.0788334906, -0.0518550873, 0.130762741, -0.10045813, -0.134800568, -0.0908210874, -0.0501818061, 0.113040999, 0.0191495009, -0.014505282, 0.0273621827,
    -0.00291281845, -0.0494463295, -0.0964583009, -0.0576347485, -0.141891614, 0.0640913397, 0.0583204478, 0.00401049014, -0.000598681741, -0.144830927, -0.0978674591, -0.0284509249,
    0.0505132936, -0.110449381, -0.0488200635, 0.0722364336, -0.0582066178, 0.0959860235, 0.0534577966, 0.0221749395, -0.0445164517, 0.063505128, 0.0875680968, -0.091240041,
    0.0956608802, 0.00378140621, -0.00399032235, -0.157499701, 0.119207636, -0.155706882, 0.0338371396, 0.0698848367, -0.0621381253, -0.221379757, 0.0463012904, -0.153298661,
    -0.16308476, -0.132988334, 0.00356680062, 0.0307101309, -0.182348177, -0.00686897337, -0.0482529439, 0.148914963, 0.0954950005, -0.0331579596, -0.227273554, -0.23097223,
    -0.00146576762, -0.110219926, -0.032633245, -0.149401307, -0.0775089636, -0.0238107294, -0.126212552, -0.1798435, -0.123119891, 0.0845994726, -0.116211161, -0.109713055,
    0.039620012, 0.0773152635, -0.057261169, 0.0801750869, 0.0974629149, -0.109387003, -0.0752757117, -0.0612890162, -0.0620141104, 0.0753973126, -0.00393258035, -0.182974026,
    0.0377166905, -0.141203746, 0.0516317412, -0.153645724, 0.032146614, -0.303640902, 0.0479830615, 0.113003075, 0.0127851367, -0.138241559, -0.10604877, 0.0405136496,
    -0.0800203234, 0.0561618358, -0.191027686, 0.00387968519, -0.104331516, 0.0970482454, 0.101027325, -0.170447469, -0.0989824682, -0.322063357, 0.121008322, -0.119959287,
    0.0722227693, 0.000223784984, 0.072598502, -0.115003273, 0.0546770655, 0.0899878964, -0.0554104969, 0.050619334, -0.058956895, 0.0711839944, -0.164453775, -0.049695462,
    -0.0341623574, 0.104935378, 0.0645288453, -0.205404595, 0.0242997482, 0.011407271, -0.00703014433, -0.0170502495, 0.0141715053, -0.0110147297, -0.260670453, 0.0345667787,
    0.0994785577, 0.0166501123, 0.00371099589, 0.0518652201, -0.0322949737, -0.123685651, -0.0897787511, -0.0999976993, -0.0798858851, 0.130247995, 0.0181032009, 0.0182396024,
    -0.0848393217, -0.0763124153, -0.0296751708, -0.175988197, -0.363845319, -0.0103410622, -0.109011263, -0.112791076, 0.0357533693, -0.12430881, -0.11142835, 0.0371257067,
    -0.030637309, -0.142426357, 0.114573941, 0.119227335, -0.322983027, -0.00523981452, -0.186382562, 0.0857628062, 0.0139899245, -0.048551131, -0.0121142268, 0.00954945665,
    -0.117791519, -0.501307249, 0.098195225, -0.122437507, 0.0138233602, 0.0283841919, -0.0971748978, -0.206829146, -0.138089523, -0.00698757824, -0.102718212, 0.0273561832,
    0.0276965816, -0.0364846736, -0.0159329586, 0.428883344, 0.0912316442, 0.0399958342, 0.0814184025, -0.16025731, -0.0198002718, -0.0420943797, -0.0783400685, -0.0252472106,
    0.208532915, -0.0579349995, -0.150464997, -0.0644713789, 0.0283491164, -0.00483811367, -0.0241280273, 0.076827541, 0.00625655055, 0.00606107712, -0.0850229114, -0.0790936202,
    0.0716001913, 0.0288477316, 0.0319239385, -0.12640965, 0.00925866701, 0.0776493698, 0.0401361585, -0.322866231, 0.067547068, -0.156561583, -0.00441338541, -0.0846067294,
    0.043466609, -0.311926842, 0.13547042, 0.0870535076, 0.0662198663, -0.0812360197, 0.105160132, 0.056834504, -0.134713456, 0.119801894, -0.112395458, 0.0312872492,
    -0.0973739624, -0.113746032, 0.011006698, -0.00781756639, -0.0567295253, -0.263243496, 0.0369160622, -0.047115162, 0.0700215548, -0.00642674323, -0.0650716573, -0.0352604054,
    -0.0320404805, 0.0835215971, -0.120938748, 0.0151520595, -0.101666309, -0.0185851902, -0.177368239, -0.0472960658, -0.116533026, 0.0239602178, -0.0266052503, -0.174400613,
    0.0761535466, 0.0209767949, 0.0155403018, 0.0607994422, -0.1607254, 0.0613924861, -0.177748859, 0.0904467627, 0.0909933597, -0.160042375, 0.0323971957, 0.0885262266,
    -0.0620086044, -0.0266530178, -0.104345992, 0.0902095884, -0.110880122, -0.0264071282, -0.0484555997, -0.0796444938, 0.0883730128, -0.129927576, 0.0869910717, -0.0656201169,
    -0.0753393471, -0.00756109087, 0.0706070364, -0.21747075, -0.213237464, 0.0145328036, -0.0436457135, 0.0798766017, -0.0382297486, 0.106900625, 0.0110622793, 0.100301757,
    -0.119218625, 0.0888724476, -0.0422458202, 0.0140286712, 0.0338232666, -0.0193399768, -0.0196843445, -0.239193901, -0.0453918725, -0.158752859, 0.118612319, -0.108147293,
    -0.0523295403, 0.042118758, -0.0317397118, -0.0925518349, -0.0082327472, 0.0412405878, -0.0737603679, -0.110532433, 0.0491548367, -0.112466365, 0.00598310214, -0.0733362436,
    -0.109624743, -0.107778966, -0.0973743424, 0.157767415, 0.0610362589, 0.0258837193, -0.00221942365, -0.142469108, -0.0572362766, 0.0907608271, -0.0161933936, 0.0518986546,
    0.0369576663, -0.141543567, 0.0240958091, 0.0910694525, -0.0618673116, -0.0911116004, -0.0866167545, -0.0828396231, -0.0362678654, -0.163392916, 0.0124413148, -0.0880151093,
    0.0178531744, -0.0919762403, 0.0674748719, -0.0185133331, -0.561103106, 0.00646902574, 0.00261376728, 0.154236242, 0.116353653, -0.170489177, -0.00662231678, -0.0283982158,
    0.0905238837, -0.216727734, -0.006218703, 0.0729825348, 0.068560496, 0.113091722, -0.206430048, 0.171570837, -0.0192898512, 0.113622397, -0.0239180773, -0.0795427635,
    0.0325651616, -0.699716985, 0.0743216723, 0.180154994, -0.0243131369, 0.0185697284, -0.0441847146, 0.0997290686, -0.0178551003, 0.403806001, -0.159013107, -0.0587076098,
    0.00758933602, 0.0346669257, 0.00692679267, 0.160473838, 0.0489518344, -0.0827699453, -0.0651668161, -0.302029461, -0.0429050773, -0.170785785, 0.0974553227, 0.090241991,
    -0.00800590776, 0.114765748, -0.206465051, -0.758500397, 0.078294605, -0.0285593458, -0.1257229, 0.0123473667, -0.0320996642, 0.1169274, -0.121020868, -0.104950055,
    -0.0455680452, -0.0852435753, -0.0588046573, 0.160557345, 0.0045877872, -0.190973401, 0.0538541675, 0.223084226, 0.20767276, 0.0205386057, 0.151187316, -0.439416528,
    0.0421627648, -0.248599097, 0.206455976, -0.0201367289, -0.0729596466, -0.602378845, 0.0198524669, 0.0561787784, 0.0275901295, 0.0756542236, 0.052128721, 0.0271583721,
    0.064856723, 0.0746946558, -0.00558760762, -0.0878304541, -0.0680867583, -0.0360794142, 0.0422073454, -0.276239544, 0.0897546858, 0.184190586, 0.0611757338, -0.10542769,
    0.0121681998, -0.0429284163, -0.191401795, -0.0319076553, -0.156338036, -0.0367995948, -0.498180091, -0.358527035, -0.0260424316, 0.061916098, -0.00512294192, -0.09506578,
    -0.014909829, 0.011077893, 0.0306775272, -0.0555139445, -0.327143252, -0.0683919638, 0.0662040487, 0.0463670939, 0.0240144134, -0.0448351316, -0.0938717276, 0.0394274332,
    0.00442129374, -0.302805722, 0.0029861629, 0.0777754411, -0.607998848, 0.145764679, -0.234467044, -0.214243442, -0.0741935745, -0.0257577188, -0.0228861123, -0.36339736,
    -0.421233088, 0.0626143888, 0.00877830107, -0.0685978979, 0.156796247, -0.126097724, 0.0483039953, 0.0829121619, 0.0791843981, -0.00488010235, 0.0110835768, -0.0975021422,
    -0.0891673863, -0.124660313, -0.344298095, 0.197543815, 0.0379268155, 0.057769008, -0.0961437225, 0.0792082995, 0.0814249814, -0.711114883, -0.0695968866, 0.0822040364,
    -0.0672036558, -0.0432188623, 0.0855680704, -0.00411661854, 0.030985985, 0.0880313963, -0.383322239, -0.0680482537, 0.0883377716, -0.117454588, -0.0619053058, 0.394164532,
    -0.086174801, -0.0588779747, -0.0648153946, -0.264374316, -0.121477224, -0.0374967456, 0.11032106, 0.226439774, 0.0443980992, 0.035797447, -0.272722214, -0.215028286,
    0.000418052077, -0.0426755026, 0.0330631658, 0.095045723, -0.0905565172, -0.0889198482, 0.0444093645, 0.0495317169, 0.0249841865, -0.00277701439, 0.0155442534, -0.168304652,
    -0.190586984, -0.0118151372, -0.0145629495, -0.0342660956, 0.0619433969, 0.077210322, -0.133876547, -0.0735359043, 0.0639783069, -0.0286230184, -0.00261536846, 0.0205534399,
    0.00815616548, 0.0381869525, 0.058678668, -0.0866715014, -0.00968781393, 0.0184640884, -0.0553819463, -0.11008472, 0.119791999, 0.0279755089, -0.0994384885, 0.0957612544,
    0.107726038, -0.0296220444, -0.0982495397, -0.0805763081, 0.123302221, -0.0633513778, 0.0653951466, -0.0718453825, -0.121030711, -0.116121463, 0.0565460958, 0.0308205299,
    -0.00972174481, 0.122299507, -0.0553713366, -0.122162007, -0.0710435659, 0.0952359885, 0.0394608229, -0.0888720229, 0.0321670324, 0.124134332, 0.119557679, 0.0661415383,
    0.0433239639, -0.0110758841, -0.0988131911, -0.0346572325, 0.108290568, -0.0844779909, 0.0957175046, 0.101857215, -0.111280054, -0.0730240196, 0.0948892087, 0.109304398,
    -0.00277100247, 0.0632378459, 0.0663336068, -0.0137340724, -0.0999643132, 0.0657285824, 0.0339833498, -0.0168417767, 0.155578479, -0.13443765, -0.193974495, 0.309770525,
    0.00966985244, 0.0731205642, -0.274567783, -0.0927787125, -0.0633569211, 0.143076867, 0.0596664362, 0.110728949, 0.162719607, -0.110928163, 0.00322715659, -0.170966297,
    0.119657502, -0.0114626009, -0.0730278045, -0.0145898052, 0.0123146474, 0.238596782, 0.0399777591, -0.0222444646, -0.0211330801, -0.00639548153, -0.096902594, 0.141260251,
    -0.105903246, 0.322990179, 0.0681574792, 0.0534337536, -0.0477614105, 0.0280635208, 0.224337697, -0.0273904596, -0.11432761, 0.122073665, -0.103893317, 0.0364707969,
    -0.0602289103, 0.0552523583, -0.115865484, -0.141125992, -0.0793611631, 0.0166916549, 0.135500491, 0.283956349, -0.110298231, 0.0517343022, 0.169162378, 0.0659576058,
    -0.0442797393, 0.157172456, -0.0466875583, -0.102086022, -0.116294339, -0.0859335214, 0.024018012, 0.50300467, -0.00506756175, -0.129746377, -0.116687164, 0.0437408835,
    0.0577842034, -0.159592152, -0.0568290763, -0.437467128, 0.086258471, 0.186652169, 0.138227299, 0.0874076188, 0.0386975706, -0.816404819, -0.0806939378, 0.0748234689,
    0.145503357, 0.108857915, 0.0262163188, -0.211521149, -0.118154652, -0.0998674035, 0.00409767032, -0.0985288918, 0.0982376933, -0.115845472, 0.12073876, -0.450368971,
    -0.000254258513, 0.209249392, 0.0981098562, 0.0454104431, 0.0740216374, -0.223900601, 0.0378694162, -0.030090645, -0.0325882435, -0.119424269, -0.382626623, -0.183031455,
    -0.0458274931, 0.0251911432, 0.0415276214, -0.193665177, -0.0726352856, 0.0168464482, -0.0299758166, -0.151330009, -0.131931052, -0.110685065, 0.139980108, 0.0439933315,
    -0.108783007, -0.127624586, -0.153163314, -0.1091142, -0.00118793547, -0.356047481, 0.0389657021, -0.0273011755, -0.25050059, -0.00839855056, -0.428382188, -0.390713334,
    -0.0856915265, -0.151448354, 0.00795418024, -0.276850283, -0.15410459, 0.0482181013, -0.0391228199, -0.0905389786, 0.0338215865, -0.0631557107, -0.0915861204, 0.0512083173,
    0.124953851, -0.0752909109, 0.0457793474, -0.116310611, -0.00882178824, 0.0986711532, -0.0649410486, -0.0445042215, 0.0511850119, 0.0105289314, 0.0532925278, -0.149017811,
    0.0370581448, -0.0482306331, -0.0174451172, 0.0317722, -0.0531235039, -0.122763619, 0.0687222332, -0.0653434843, 0.0209894907, -0.0473845489, 0.0272777509, 0.0351713523,
    -0.137644619, -0.118906885, -0.0500583053, -0.100296564, -0.05656901, 0.0932393074, 0.0848079771, -0.12074168, -0.0684682876, -0.0856671408, -0.0539765507, -0.0465770587,
    -0.100730367, -0.0458772182, -0.103726827, -0.0431586355, 0.0713469833, -0.0670223758, -0.0159802921, 0.00522916252, 0.10836418, -0.0934009701, -0.0703217238, 0.0893079564,
    -0.0733676478, -0.142432973, -0.0728588253, -0.103540331, 0.0784672573, -0.130354017, 0.112340108, 0.0656303912, -0.157551333, 0.0961286351, 0.0632429421, -0.0837789103,
    0.164851606, -0.31281969, 0.110391736, -0.0417760462, 0.0829122514, -0.160221159, -0.0833650827, -0.0552190542, -0.0483217463, 0.069634676, -0.313499957, 0.13057223,
    -0.05207932, 0.0236305986, -0.106688544, -0.072240144, -0.0392733663, -0.623013556, 0.0425560176, -0.0574228652, 0.0086401701, 0.140311703, -0.0703184009, 0.0714014918,
    0.0523677841, 0.164870083, -0.320235938, 0.0723891109, 0.0712160319, -0.0376368463, -0.166503727, 0.195695519, -0.0359331369, 0.115662262, 0.105252229, -0.2888318,
    0.0825852603, -8.23523515e-05, -0.0991877168, 0.270007998, -0.0308470391, -0.0579496771, -0.344541728, -0.0587265678, 0.116372079, 0.0127952723, -0.163474038, 0.148328707,
    0.0243657976, 0.0267562475, 0.0186771601, 0.0805970132, -0.199016064, 0.00852554012, 0.117920958, 0.128510386, -0.168956235, -0.106492728, 0.00660195947, 0.022539543,
    -0.0635695755, 0.0355982482, -0.069942072, -0.0575983822, -0.0293099284, 0.079030171, 0.0740202963, 0.0482745022, -0.0126067251, 0.0306254476, -0.00874635577, -0.0564521253,
    -0.0654726923, -0.0372184515, 0.0327111036, -0.0937071592, -0.00145290792, 0.0641177148, 0.0463649482, 0.114742935, 0.121261999, -0.0549514592, -0.0906152427, -0.020567134,
    -0.0909613818, -0.00306893885, 0.0690967441, 0.105030537, -0.0573578924, 0.0852585286, -0.00685608387, -0.104606017, 0.0303524882, 0.0279201418, -0.0066755414, 0.0438724458,
    0.0391717255, 0.0963424593, -0.0904556066, 0.0614256114, -0.0697359294, -0.0554181784, 0.0618082881, -0.0822538584, 0.0316875428, 0.00777947903, -0.0803348869, -0.117688581,
    0.00818163157, 0.00709636509, -0.024028033, 0.0437458605, 0.0773322433, 0.0558041334, -0.0947567672, 0.0557689518, -0.0498087555, -0.0115968138, -0.0372509807, 0.0667293072,
    -0.010722518, 0.086663872, -0.106748551, -0.106659144,
  ],
  bBias: [
    -0.123690084, 0.0197650567, 0.118551068, 0.00196880032, -0.0432687253, 0.00333251758, -0.043752715, -0.0352598801, 0.0340258181, -0.121057734, -0.1090554, 0.0877969787,
    -0.0902877524, -0.120615803, 0.0114004789, 0.0901991874, -0.0727010965, -0.0163770672, 0.0559997708, -0.0525932275, 0.0483267307, 0.0115226712, -0.143651366, -0.098928988,
    0.000749157392, -0.109972574, -0.105187327, -0.0355207846, 0.0458457805, 0.0874916464, -0.0854616016, -0.0888897032, 0.0414777771, -0.0722218901, -0.0314348415, -0.00344516337,
    0.0348235965, 0.0599831007, 0.0222318042, -0.0450043529, 0.191050574, 0.116803624, -0.0174393654, -0.0770803019, -0.0619195849, 0.0415853411, -0.0603731088, 0.0107621998,
    -0.00595002016, -0.126062602, -0.055519972, -0.11504323, 0.062354967, -0.0833606645, -0.0386877358, 0.0114488024, 0.10756965, -0.082775645, -0.129089817, 0.0563920774,
    0.158854634, 0.0560295135, 0.0491549522, -0.0401035398,
  ],
  o0Weight: [
    0.0355812125, -0.0519066975, -0.0266365111, -0.074480921, 0.00149630453, -0.0392544679, 0.0270931739, -0.0266327821, -0.0772716403, 0.020297911, 0.0043110745, -0.0985837504,
    -0.0660355091, 0.0478391275, -0.00695560593, 0.00657257717, -0.0379083306, 0.0262601152, -0.107485496, 0.0826274604, -0.0246124938, 0.061092522, 0.0848405585, -0.0259275287,
    -0.106948465, -0.0257913321, -0.0110652437, 0.00148628757, 0.0345928669, 0.0181296766, -0.0119729815, 0.0561991557, -0.0204619132, 0.0074135568, 0.0743279383, 0.0200729836,
    0.0666882172, 0.0250107199, 0.00298002269, -0.0139568867, 0.065998368, -0.0608734153, 0.0428903922, 0.04488381, 0.0828599781, -0.0243623238, 0.0599874519, -0.0431764312,
    -0.0357449837, -0.071063064, 0.0672186613, 0.0296673607, -0.0709598288, -0.0651124343, -0.00493148668, -0.0203843024, -0.0471243411, -0.0956271961, 0.0270853136, -0.10710299,
    0.0243937261, -0.0861092359, -0.0973453, -0.0305482987, 0.0653672144, -0.0648275614, -0.0306208171, -0.0982288122, -0.0192878954, 0.0814086944, 0.0132839698, -0.0602391846,
    -0.0611731298, 0.0538380034, 0.0390513949, -0.0633870661, -0.0774722844, 0.0246554427, 0.00876727328, -0.0518712476, 0.0360172093, -0.0850441307, -0.10468255, 0.0357208215,
    0.0736110508, -0.0120858103, -0.0491785854, 0.0310187209, -0.0163206905, 0.0464677624, -0.0269671548, 0.0283979867, -0.0277873948, 0.0614697486, 0.0881357417, 0.00656222226,
    -0.0560490452, 0.0829268098, 0.0856643766, -0.0386987105, 0.0566691346, -0.0769664347, 0.0183217861, 0.0648081526, -0.0478354134, -0.106395409, 0.00894304458, -0.00368347648,
    -0.0434241593, -0.0526216142, -0.0753501579, -0.0647143871, 0.0486221723, 0.0767765343, 0.0247019306, 0.0604742914, -0.0349333696, -0.0383920558, 0.0284915119, -0.000739487528,
    -0.0274091065, 0.0631908402, 0.0819321647, 0.0171064492, 0.0632681325, -0.0600310192, -0.027771607, 0.0842846408, 0.0853041857, -0.294379175, 0.0658232197, -0.101031676,
    -0.113491148, -0.134689584, 0.0131606432, 0.0278892405, -0.0630116761, 0.0622937381, -0.0393100083, -0.0704954341, -0.0713712275, -0.133962244, 0.00531778391, -0.0735148191,
    0.0127042895, -0.104828589, 0.0608044937, 0.0289686415, 0.076374568, -0.0981147662, -0.0842434466, 0.0406165048, -0.210845307, 0.0255371667, -0.0286565851, 0.0386121571,
    -0.0174797047, -0.0407402404, -0.0310984515, 0.103940979, -0.02771236, -0.0192606356, 0.0809091404, 0.0595294423, 0.084070161, 0.0550463945, -0.0170746781, -0.106618159,
    0.0613477491, 0.0773355514, -0.0220554657, -0.0172310229, -0.0330891199, -0.0358687304, 0.0939001068, -0.0654933378, -0.0580329224, -0.0409325771, 0.0471617393, -0.0750984251,
    0.0576959699, -0.012530718, 0.126889288, -0.200477347, -0.0471262038, -0.106324419, 0.0185701512, -0.265320152, 0.0657391101, 0.00152127026, 0.0540225543, 0.0877786502,
    -0.0691996738, -0.13623777, -0.0232005771, -0.00332899205, -0.223765835, -0.22916609, -0.0691502467, -0.0403121933, -0.0588533133, -0.0164715052, 0.0755402073, 0.0146439103,
    -0.00443103164, -0.1403891, 0.060902901, -0.0573521256, -0.0614491999, -0.0960171074, 0.0643625706, 0.00496912235, 0.0352843478, -0.0161420982, -0.0575156957, 0.0260740947,
    -0.178266853, -0.00358226616, 0.0362850465, -0.0100387828, -0.0461142622, -0.116322584, -0.0212854855, 0.0214793961, 0.0766109824, 0.0726008192, -0.0438793562, 0.00902947783,
    0.0868006125, -0.0476286411, 0.0174811427, -0.0309985951, -0.0206341911, 0.108764984, 0.0366963632, -0.0594410151, -0.037288487, 0.130106106, 0.054737106, -0.0657681152,
    0.0410139933, 0.0817072093, 0.0731549561, -0.0648327246, -0.0900201052, -0.0288024936, 0.00902921334, -0.219449297, 0.0917611048, -0.0540031455, 0.104391307, -0.220961139,
    -0.0144617399, -0.028567601, 0.0489651151, 0.0115706054, 0.0333328024, -0.0522114672, -0.107942007, -0.079289645, -0.0324341021, -0.0751947165, 0.0446826965, 0.0797172338,
    -0.0562674701, -0.0219878945, 0.0646655485, 0.0412464328, 0.0674845427, -0.0841215625, -0.0156521033, -0.083208479, 0.00739426399, 0.0571763068, -0.0283236168, 0.00983456615,
    0.00508112926, -0.140027404, -0.0162248183, -0.0235393941, -0.0796565115, -0.000658797391, 0.018224908, -0.0860962197, 0.0255232882, -0.103707023, 0.0682594329, -0.0098585058,
    0.0422469974, -0.00480183261, 0.0102002751, 0.0868775323, 0.0257654116, -0.0517850369, -0.00734833349, 0.0414428376, 0.0146336555, -0.00307250442, 0.0853377804, 0.0362662673,
    0.0572127849, -0.0275841113, 0.0854849219, -0.0854106098, 0.0189833827, 0.0520197451, 0.052027069, -0.0810604766, 0.00241548871, 0.00296435202, -0.0427995771, 0.0675518066,
    -0.00937032327, 0.0549020953, 0.0677535757, -0.0650104061, -0.0885013342, 0.00342687592, -0.0412414782, -0.0535729863, -0.0219181515, -0.0916224793, 0.0259608366, -0.104865924,
    -0.0393165685, 0.0777346566, 0.0071701901, -0.0780458078, -0.128923774, -0.00213951105, -0.0212079249, -0.0901855901, -0.0525507964, -0.0251778886, -0.041024439, 0.0580196977,
    -0.0244609974, -0.0818165541, -0.0297776069, 0.0881681368, -0.0402656123, -0.000929014932, -0.085956201, 0.0460212603, -0.0483424813, -0.0821014717, -0.0516836904, -0.0233042035,
    0.054508362, -0.1448282, 0.026241608, -0.0241214633, 0.00650081364, -0.084209621, 0.0404505543, -0.0248434059, -0.0838607103, -0.128391519, -0.0374682657, 0.0813987479,
    -0.082668215, -0.0206917841, 0.0217858013, 0.0415196829, -0.0566429608, -0.0569137819, 0.040649645, 0.0510148704, 0.0174362659, -0.0290500633, 0.0465266444, -0.0625892058,
    -0.0362889133, -0.0990055948, -0.0499324873, -0.0510548167, 0.0564909838, -0.00206807675, -0.075980179, -0.00273909932, -0.0904474333, -0.0184827726, -0.10739325, 0.00281151081,
    -0.0606416836, -0.0575194582, -0.0383783206, -0.0166446641, -0.0355811901, -0.00839023665, 0.082990095, 0.0815823451, 0.0385073423, 0.0234089289, 0.00554746296, 0.0313204601,
    0.0368408859, 0.0368259996, 0.0562193654, 0.0625211224, -0.00541972648, -0.0611881614, -0.00651541818, -0.042171061, -0.0430143028, -0.0789186433, 0.0239917133, -0.0137402415,
    -0.0634929687, -0.0103218155, 0.0320820548, -0.0842230469, 0.0247680582, 0.0641888157, -0.00885210279, -0.0120996861, -0.00751357106, 0.0568928607, -0.0614913553, -0.0856538787,
    -0.0637782887, -0.0859744102, 0.0680027455, 0.0671828166, 0.0115418825, 0.00581241911, -0.0832848921, 0.0514505133, 0.0702261105, 0.0194245558, -0.0641997829, 0.0165729932,
    -0.0242450275, -0.028042553, 0.0220500827, -0.0877645537, 0.0201578252, -0.0619852208, 0.065892674, -0.054564815, -0.0786176324, -0.0779232085, -0.0666028932, -0.0403648466,
    -0.0380521864, -0.0683018938, 0.0269681979, -0.0349983536, 0.0123218102, -0.0398214497, -0.0555897839, -0.0393957533, -0.0416808203, 0.0174897406, -0.0151654789, -0.0151819373,
    0.000310559059, -0.0304662492, 0.0764242709, 0.0244578682, -0.0881811231, 0.024957329, 0.074637197, -0.0384424254, -0.0327192843, -0.0415923446, 0.0283728894, -0.0733963102,
    0.0566837601, -0.0710236207, -0.00842356402, 0.0501411259, -0.0843617395, -0.00323470728, -0.0197126176, 0.0078284191, 0.0708834529, 0.0804752111, -0.0629814044, -0.0790529773,
    -0.0883552209, -0.0623038523, 0.0142717231, -0.0520423912, -0.0538325347, -0.067271255, 0.0176672637, 0.0511940382, -0.00194216892, -0.0878999829, 0.0821717083, 0.0583697371,
    -0.0423653573, 0.0726815537, -0.0478845388, -0.0271405056, 0.0631152764, -0.0735832527, -0.0249508806, -0.0819347799, 0.0037030431, 0.0153264804, -0.0502594821, 0.0058120396,
    0.0722903758, -0.0868941769, -0.0589542091, 0.0327112339, -0.0805724785, -0.0248225965, 0.0738794953, -0.0157097634, -0.0199482497, -0.0225044843, -0.0778287798, -0.116368942,
    -0.0880790278, 0.0602857247, -0.0257433467, -0.0810360089, -0.0353589766, -0.050763201, -0.0555632859, -0.00727316551, 0.00232534693, -0.0750781819, 0.0426114313, -0.102244064,
    0.0701827928, -0.118013039, 0.021810893, -0.0160593502, 0.0165300574, -0.149549171, -0.027209878, 0.0675427467, -0.050969027, -0.00552087883, 0.0256163906, -0.0764886588,
    -0.0816817731, -0.0447478555, 0.0328003317, -0.0816151053, -0.0288049467, 0.010647052, -0.00088019477, -0.0681172535, 0.0736274421, -0.119615242, -0.00804895256, 0.0404751562,
    -0.0611198954, 0.0649188608, -0.0186832137, 0.0249282476, -0.0445072725, 0.000827679818, 0.00298304856, 0.0754898638, 0.0734191164, -0.00124887435, 0.0759468824, -0.0364489108,
    0.0250168629, -0.0344872177, -0.0823858529, 0.0173845068, -0.0246586557, -0.108005188, 0.0852072164, -0.0706364289, -0.0329878442, -0.0230737757, -0.0376693904, 0.0705690905,
    0.081845589, -0.123125955, -0.00741729746, 0.00783053134, 0.0565870963, 0.0720142573, -0.0697900355, -0.0829188228, 0.0130498735, -0.00855918229, -0.0591412038, -0.0544746853,
    0.00508141378, -0.0177507885, 0.0778847188, -0.0408058465, -0.0479129367, -0.138406485, -0.0991721377, -0.00263543194, 0.0747583732, -0.0140383402, 0.0683288351, -0.0608495846,
    -0.0469232015, 0.0585305393, -0.0820340887, -0.0742696598, 0.0266830437, -0.0593924858, -0.0684821755, -0.0665122047, -0.06292779, -0.0106158322, 0.0667603835, 0.0835669786,
    0.0529960804, 0.00213952526, -0.0206985492, 0.0633294284, -0.0450759269, 0.055488158, -0.00309583358, -0.0810105428, -0.0164715778, -0.0456580073, 0.0185213275, -0.0431246981,
    0.0809396058, -0.0831648856, 0.0739755481, -0.0114128394, -0.0863515437, 0.0197660383, -0.0209086817, -0.0202199798, -0.0368020162, -0.0943353102, -0.0584931113, -0.145163745,
    0.0237355251, -0.0557583719, -0.125274613, -0.0761153176, 0.0671477243, 0.120355584, 0.0569831431, -0.146264315, 0.270758897, 0.17043452, -0.0601994433, 0.0644341633,
    -0.059727259, 0.0823680162, 0.0550831184, 0.0902867764, 0.0286940578, 0.159114286, -0.0618963689, -0.215634868, 0.0293650832, -0.179884732, -0.156657889, 0.083329916,
    -0.0211059712, 0.212634608, 0.0242656916, -0.0345166475, 0.351388335, -0.0187539253, 0.00460528862, 0.0905335471, -0.0679926798, 0.256712884, 0.027474992, -0.0474064536,
    -0.0399321094, 0.0482246652, -0.0862466022, 0.08453466, 0.077899836, 0.0667150915, 0.0420391373, 0.0656816736, 0.0608663671, -0.214296311, 0.0108123627, -0.0506058782,
    0.00759674795, -0.109547444, 0.0242152177, -0.015690038, 0.0553490445, -0.0533590913, 0.0151732191, -0.0596102178, -0.0188194215, -0.0712230131, 0.102742821, 0.0340469666,
    -0.1583381, -0.115550861, -0.00635295967, 0.0525810532, -0.160466045, -0.0079690814, -0.0943224803, 0.0692813471, -0.0308571719, 0.0387554243, 0.0224184711, -0.125210196,
    -0.0710240304, 0.246106431, 0.0810644627, 0.0110563599, -0.079268612, -0.0106057171, -0.0851555988, 0.00653945003, -0.0636086836, 0.219442725, -0.0315084308, -0.216592446,
    -0.0709335208, -0.0300139301, -0.0719540715, 0.0211825948, -0.0578056276, -0.118800864, -0.0504633784, -0.0836928263, 0.142751619, 0.02593421, -0.0530103147, 0.0734609962,
    0.0599296167, 0.0199231897, 0.0836485028, 0.00387565722, 0.0304285176, 0.00501745567, 0.0124813942, -0.00929682516, -0.0448109061, 0.0454914384, 0.0283025596, 0.0783917978,
    0.0253689233, -0.220310003, 0.0191273242, 0.0231885221, 0.0850475878, -0.20710744, 0.00636422448, -0.0812143013, -0.0452659056, 0.00213528587, 0.0693176314, -0.0324620046,
    -0.0805225819, 0.00102419138, -0.0343623869, -0.0341355242, -0.0904741138, -0.125491038, 0.0318624377, 0.0588725582, -0.14507021, -0.0555901602, -0.115996853, 0.0108881639,
    -0.0269722883, 0.0224789381, -0.0922477245, -0.0233878996, 0.0286756475, 0.0671835244, 0.0312456731, -0.0638560429, -0.0962777138, -0.0465412475, 0.0654745623, -0.0515332706,
    -0.082450971, -0.0704171658, -0.0135852303, -0.0968089476, -0.0770904645, -0.0558962338, -0.00872551277, 0.0564302355, -0.0767774358, -0.0205987319, -0.00916429423, 0.0832022727,
    0.0198627822, 0.0733179823, -0.0458003692, -0.0793758184, 0.0459587574, 0.0207600985, -0.00912014581, -0.0503285639, -0.096060209, 0.043380592, -0.0158488862, -0.0597323999,
    -0.0756825656, -0.0189815965, -0.00428093737, 0.0754366294, 0.044134099, -0.0969666839, 0.0221815705, 0.0222475398, 0.00234940229, -0.084406808, -0.0861485004, -0.0811254233,
    0.0663144067, 0.0362856314, -0.00930232555, -0.108623393, -0.0962234437, -0.0719405711, -0.0774778798, 0.0762577206, -0.0633696467, -0.0844357088, -0.0990484208, -0.0867840573,
    0.049016837, -0.0520096794, -0.0409454219, -0.0340364873, -0.0938405022, -0.0818893835, 0.0187577289, -0.0632550046, -0.00395870581, -0.0881568417, 0.0420762822, 0.00419745455,
    -0.0636189729, -0.0383571498, 0.0226002559, -0.0869701281, -0.0104574123, -0.0886947587, 0.0517767631, 0.0258225817, 0.00259983237, 0.0575333312, 0.00307960203, -0.0763240457,
    -0.0494140573, -0.0312092286, 0.0691814497, -0.0609988384, -0.0240651201, -0.019532524, 0.00265116408, 0.00269805663, 0.0225712378, 0.011920589, 0.0687662736, -0.0152437454,
    -0.0974728614, 0.0794619173, -0.0873646513, -0.0483920835, -0.0199046396, -0.0483755544, 0.0266445465, -0.0437087901, -0.0298665576, 0.0426018275, -0.0102697751, -0.0758016557,
    0.0291546397, 0.00806313474, 0.0327999517, 0.0728752092, -0.0765196905, 0.0110361939, -0.0820393339, 0.0392950252, 0.0151871806, 0.0297960266, -0.0757427439, -0.0349967703,
    -0.0808235854, 0.0267259479, 0.0288182702, 0.0415279046, 0.025890138, 0.00981401931, -0.00732424762, 0.0703256726, -0.0681513995, -0.00963090453, -0.00196190132, 0.0756965056,
    -0.169909045, 0.0113259796, 0.0240848865, -0.0698843375, 0.0664629936, 0.086940445, -0.0205858164, -0.114229321, -0.0351312421, 0.0576911047, -0.0191386063, 0.0420706719,
    -0.0244115461, -0.126320913, -0.0751678124, -0.114261843, -0.0163123515, -0.00172202208, -0.0255912673, 0.0493957773, -0.0231168177, 0.0320373029, -0.0515860431, 0.0752674714,
    -0.111030422, -0.0447122641, -0.00311349309, -0.0103336219, 0.0563781187, 0.0170815699, 0.0570340566, 0.0659321547, 0.083819963, 0.0257266778, -0.214607358, -0.0094594378,
    -0.296188146, -0.329791248, -0.0634307191, 0.013609387, 0.0198281538, -0.195830628, 0.0239952412, 0.0792979673, 0.0410591327, 0.00718509732, 0.0685420856, -0.0130332811,
    0.081565097, -0.026736103, -0.0211476255, 0.128444359, -0.125517413, -0.00666366611, -0.0513062924, 0.127552196, -0.169336826, -0.00702245627, -0.035476584, 0.0623207428,
    0.0472785197, -0.00419979636, -0.079229027, 0.0800665393, -0.291800261, -0.0585767739, 0.0643259361, 0.0411770381, 0.0770517662, 0.0772462711, -0.0516280122, -0.12447954,
    0.117663451, 0.126132593, -0.140674457, 0.0660493001, -0.033646632, -0.00550089637, 0.124220535, -0.103816234, 0.00556580769, 0.0130045414, 0.014643712, -0.00122035143,
    -0.113012053, 0.0265267622, 0.0340777412, -0.0590500198, -0.0422114916, 0.00569968158, 0.043796435, -0.00208408409, 0.0638225451, -0.018680336, -0.0630929023, 0.0215842333,
    0.0510899015, 0.0892586261, -0.32891202, 0.0373750404, -0.461864948, -0.184742481, 0.08528281, -0.0673025474, 0.000924080203, -0.135902911, -0.0494710132, -0.0264984295,
    -0.00208216044, 0.124236882, 0.0730573013, 0.027350679, 0.00465791859, -0.147670358, 0.0231152512, 0.104179658, -0.191747129, 0.00362886535, -0.024167154, 0.171547651,
    -0.0707542971, -0.0402366556, 0.102124922, -0.0192557145, -0.0187955014, -0.0781909972, 0.00822356157, -0.103315711, 0.0170442611, -0.0490719453, 0.0515562482, 0.0337484628,
    0.000223830444, -0.0716867521, -0.0148989949, -0.0675297007, -0.0836240053, 0.00935586914, 0.0442564674, -0.0480649322, -0.0413983874, -0.032187935, 0.0392601825, 0.0676193908,
    -0.0242007747, -0.0278158132, -0.0729727075, 0.0613970533, -0.0672470778, 0.0458097979, 0.0700673684, -0.0571522713, -0.0673290342, 0.0292271134, -0.0868345574, -0.0277060568,
    0.0136990501, 0.0217902362, -0.00471043168, -0.0509689301, 0.0457305536, -0.0571993142, -0.0666752532, 0.0131705422, -0.0105230268, 0.0209173933, 0.0705983713, -0.0078039947,
    -0.0356162377, -0.0746500492, -0.0515903644, -0.0652847514, 0.069727771, 0.0312344804, 0.0734501854, -0.0184657481, -0.0818206444, -0.0427275561, 0.0194794629, -0.094619222,
    -0.078729555, -0.0145555846, -0.0451691486, -0.0709109455, -0.0187161826, -0.0485588983, 0.0150381513, 0.0725370646, 0.0457151867, -0.0500267372, 0.0123805813, 0.0324511454,
    -0.100974999, 0.0492884405, 0.0393456444, -0.0795520023, -0.0762152821, -0.0186713375, -0.0787602961, 0.0473108329, 0.0877800584, -0.0945662111, -0.0414282791, -0.111090325,
    -0.0166795217, -0.118261471, -0.0271794312, -0.00646192301, 0.0623537898, -0.0276717618, 0.0393362939, 0.0853774995, 0.00551923877, 0.0152684646, 0.0640103444, 0.034774147,
    0.0574349724, -0.0834922418, -0.0681710914, -0.00107514218, -0.0793367997, -0.0317928419, 0.0218973048, -0.0746895, -0.035758175, 0.0511485226, -0.0438066162, -0.0810456052,
    0.0663268194, 0.0448443033, -0.0558247641, -0.025278531, 0.0344003737, -0.00076845329, 0.0266637057, -0.0341599584, 0.0298491046, 0.0138639947, -0.0542222559, -0.00838964898,
    0.0502731167, -0.0777754486, 0.0292694438, -0.0108672706, -0.094492875, 0.0495794043, -0.0887077004, -0.0847138464, -0.0548671372, -0.0073983795, -0.0227153972, 0.0148681439,
    0.0681264475, -0.0583852716, -0.00193526805, -0.0199330412, -0.0100472085, -0.00090576004, -0.0208732747, 0.0533840656, -0.0163090676, -0.0534308217, 0.0521648042, -0.0429111011,
    -0.0452722795, -0.0735036731, -0.0516905822, 0.0202440377, 0.0398842171, 0.0107407523, -0.0268087443, 0.0228888672, -0.0839026868, -0.006705557, 0.0793354213, -0.0800142959,
    -0.0573967211, -0.0649777353, 0.0833119974, -0.0310880598, 0.0068228161, -0.01123947, -0.00120619009, 0.0402656533, 0.0561519004, -0.0348420702, -0.0358226337, -0.056999851,
    -0.049114503, 0.070948571, -0.086563006, -0.079660058, 0.036922764, -0.108677424, -0.00118076499, 0.0597078465, 0.0814595222, 0.0112438425, 0.027396204, 0.0813563988,
    0.0191828962, -0.0657389909, -0.0411500633, -0.112554185, -0.080296427, -0.107733235, -0.0576201752, -0.0816789716, -0.0122041656, -0.0639080927, -0.0856181309, -0.0626309216,
    -0.0575231761, 0.0468429402, -0.0786122233, 0.0152775999, -0.017771123, -0.0922705531, -0.0289202742, 0.00969512947, -0.00831339043, 0.0216496661, -0.0017389874, -0.0469367169,
    -0.0730846599, 0.0185810495, -0.0394279435, -0.0839229599, 0.076305531, -0.098960638, 0.0185208824, -0.0659565777, -0.0295082945, 0.0273923054, -0.112351507, 0.0234227628,
    -0.0443636887, -0.0834084228, -0.0562336929, 0.0540664941, 0.0197880939, -0.0830943957, -0.0496354364, -0.0549443625, 0.0157960597, -0.0293499455, -0.0387704521, -0.0682235435,
    -0.070550561, 0.00466847979, -0.0148825226, 0.0676027611, -0.0488640442, -0.0386520922, -0.111499749, -0.00681393035, -0.0196063407, -0.0339141712, -0.0810537189, 0.0868556425,
    0.0667907745, -0.0980075449, 0.046084974, 0.0694692284, 0.00856819097, 0.0323517211, 0.064468205, 0.0324028507, 0.0188387372, -0.046782963, -1.87809437e-05, -0.0724067912,
    -0.00305972132, 0.0192540716, 0.0283145867, 0.00123253174, -0.0259065684, -0.0453920364, -0.0581939816, 0.0211503841, 0.0254684873, -0.0240618512, 0.0165967904, -0.033074189,
    -0.0490401797, -0.0787547603, 0.0352903567, -0.0367425494, 0.00114709267, 0.0682568103, 0.0333842225, -0.0218589045, -0.0172024891, 0.035014201, 0.00596535159, -0.0255546756,
    0.0142108742, -0.0665584132, -0.0672462061, -0.0424614102, -0.00945569761, -0.0221818481, 0.0551408902, 0.0475145951, -0.0209159665, 0.0192314908, -0.0272274856, 0.0663796291,
    -0.0640826374, 0.0561233163, 0.0159723479, -0.0274523385, -0.0579683967, -0.0334194377, 0.0493181981, 0.0665231198, -0.080900982, -0.0508754104, 0.031266626, -0.0392267779,
    0.0214567147, -0.0106520569, -0.000632423966, 0.0376767963, -0.0393073708, 0.044164829, 0.0599801578, 0.0490926579, -0.0412755162, 0.0422872491, -0.0112198172, 0.00616437383,
    -0.0237423405, -0.0502816848, -0.0152572962, 0.0572938696, 0.0176927168, -0.013781216, -0.0687583536, -0.046374999, 0.0108487988, 0.0118613522, -0.0214681365, 0.00504925568,
    -0.0855979696, -0.0126351677, 0.0183703825, -0.0970642492, 0.0366064012, 0.0531155355, 0.0643152595, 0.0408216938, -0.0628011599, -0.0211334098, 0.0349560678, -0.0417512991,
    -0.0150797311, -0.0386858135, 0.00462605944, 0.0504288748, -0.0402685106, 0.0710062236, 0.0509423912, 0.0713677406, -0.0498284586, 0.0514636822, -0.0865008011, 0.0739627555,
    -0.0836983025, -0.0139588881, -0.0508282669, 0.00966178533, -0.0196287241, 0.0578636825, 0.0183212664, 0.0551865995, -0.0882805139, -0.0450473428, -0.0978021547, 0.0510516129,
    0.064803727, 0.0167735443, 0.0380288996, -0.0711605623, -0.0427482091, -0.0748215467, -0.0364764109, -0.00662465207, -0.0358934477, 0.0709927008, -0.0128655359, -0.0720432401,
    -0.0769122988, 0.0163161941, -0.0793355703, -0.063826248, 0.0490183569, 0.0492780916, -0.0559724271, -0.0450418554, 0.062278159, -0.081702739, -0.045406159, -0.0229116529,
    -0.0925714076, -0.0891017392, 0.00409773877, 0.0588414036, 0.0119090974, -0.0786979049, -0.158016875, 0.0395515375, -0.126107365, -0.0654764473, -0.0816877335, 0.0135348486,
    -0.0817692652, 0.00614694925, -0.0512043945, 0.00193534035, 0.0548554696, 0.0553858802, 0.0107752504, -0.105592214, -0.06035202, -0.0138176661, -0.0456033051, -0.0233391337,
    -0.0428240225, 0.0165262688, -0.0496611893, 0.0627056658, -0.0122901266, 0.00998373516, 0.00734886155, -0.0208079088, -0.0369847864, -0.0209531188, -0.0169746224, 0.00697378581,
    -0.0297313128, -0.0706517175, 0.0483933911, 0.000306923874, 0.0269180108, -0.0436291508, -0.0718561485, 0.0745322853, -0.150376365, -0.0943986923, 0.0182985701, 0.0394926928,
    -0.0559583493, -0.0592880361, -0.0511934161, -0.060920991, -0.00412429031, -0.000552397687, 0.0594240613, -0.0188985188, -0.104296297, -0.0707229301, -0.00107429153, -0.0749841854,
    0.0189950522, -0.116016164, 0.0529381894, 0.0357591361, -0.0452918187, -0.00357566471, -0.133062094, -0.0624297112, -0.0144345155, -0.0206581503, 0.00262408168, -0.0910344943,
    -0.134041265, -0.0871708468, -0.043495927, 0.0156182833, 0.0254661944, -0.0557287969, -0.0152512584, -0.0179304834, -0.0694601089, 0.0319664031, -0.0815340504, -0.15265587,
    -0.064202033, -0.0931340232, -0.0579642467, 0.0226944555, -0.0352039747, -0.0741952062, -0.075333789, 0.053539332, 0.0285197366, 0.0470779128, -0.0758961588, -0.0139967678,
    0.0592672378, -0.00606072694, 0.0597138032, 0.0183235835, -0.0355930291, 0.00585648371, -0.0497390851, 0.0247312114, -0.0452272668, 0.0212567654, 0.00197775406, 0.0596517809,
    -0.0551742464, -0.129983038, 0.0451770574, -0.0130352927, 0.0625210553, -0.0954424217, 0.0634740293, -0.0852493867, 0.0436040536, 0.0327886343, -0.0104380148, -0.105767548,
    -0.124247827, -0.0429583862, -0.00179424405, 0.0734045357, -0.0751454085, -0.0945809707, -0.0513636135, -0.0536132269, -0.126921475, -0.0673424974, -0.0544894747, 0.053374704,
    0.0304628406, 0.129826233, 0.190857202, -0.23422952, 0.223552316, -0.0144220544, 0.0532607324, 0.0232327227, -0.219081491, -0.00427292101, -0.0598921999, 0.179813236,
    -0.0205013789, 0.149690151, -0.0521529317, -0.135094151, 0.00814519171, -0.143801287, -0.0366405435, 0.0593101829, 0.0231477804, 0.212216958, -0.0181200933, -0.0206067953,
    0.0886842757, -0.016565552, -0.0801621228, -0.0549194328, -0.144664913, 0.104389817, 0.044986967, 0.0270404387, 0.0807423517, 0.067112498, -0.00430597086, -0.0426113605,
    -0.0691051856, -0.0775526017, 0.25159055, -0.00933792815, 0.215521857, 0.117201082, -0.0658425763, -0.0224725939, 0.0281918477, -0.0532281548, -0.0300566517, -0.00823990908,
    -0.066116333, -0.0421788096, 0.0163604114, -0.101778634, -0.024788022, -0.067269735, 0.0291975308, -0.11453364, 0.020558076, -0.0858791471, 0.0802314058, 0.0212960988,
    0.100049518, 0.0617484637, -0.221521646, 0.0786482319, -0.0461791158, -0.119269744, 0.228036419, -0.301389188, -0.0921939388, 0.174301565, 0.0357082821, 0.0617137402,
    -0.132992312, 0.00964407343, 0.0296909045, 0.0234371647, -0.0189911444, 0.286419302, 0.050037019, -0.00449969713, -0.0430563018, -0.0680604875, -0.123823479, -0.0746593773,
    0.0318147913, -0.116939746, 0.0493062921, 0.0726637915, -0.0219054352, 0.0993219838, 0.0803604573, 0.0469961502, -0.0349452607, 0.00926324725, 0.0104883164, 0.0433968827,
    0.0565985702, 0.0684082359, -0.0261190441, -0.0228658132, 0.0857460722, 0.0863362923, 0.0909777433, 0.0152638899, 0.210444137, 0.106761321, 0.00294704456, -0.0683752522,
    0.00178645737, 0.0410268232, 0.10375426, -0.0659290999, -0.0248647071, 0.0387169831, 0.0560839884, -0.0839734823, -0.130727708, -0.0681513473, -0.0662649795, -0.141390279,
    0.0796123892, -0.0447797887, 0.0293332078, -0.0100640506, 0.104300305, -0.0525142215, -0.0837201476, -0.0370373204, 0.00242246385, -0.163207144, -0.0604877099, -0.12179783,
    -0.150141954, 0.0641650856, 0.0126826745, -0.0800085887, -0.139798865, -0.0588488206, 0.0426383018, -0.102369152, -0.0606266484, -0.0749369189, -0.0261714179, -0.105031967,
    -0.0393474139, -0.0870779678, 0.0210261289, -0.0500615723, -0.0788183957, -0.135893106, -0.0501343273, 0.0715920031, -0.140889779, -0.0499507785, -0.0803797618, 0.0194725115,
    0.0842931271, -0.169711381, 0.048974406, 0.0366799384, -0.0453217626, -0.0355406366, -0.0524671935, -0.000178649949, -0.0240246933, 0.0264105834, -0.0954032987, -0.0505047776,
    -0.0666836947, -0.066890575, -0.0325440057, 0.00957066379, -0.00110566989, 0.027624527, 0.00140810607, 0.0426547267, -0.072894536, 0.042681355, -0.0790677071, 0.034086287,
    -0.0710847303, 0.0223439988, 0.0547109954, -0.136249363, -0.0563685372, -0.0954216868, -0.00194778398, -0.0574248023, 0.0374505147, -0.0131127695, -0.0705648437, 0.0388043597,
    -0.00721343281, -0.0224014036, -0.0419646539, -0.0465087369, -0.0947391465, -0.087824136, 0.00453786831, 0.00798959751, -0.0700851753, 0.0420581289, -0.0289773177, -0.011370034,
    -0.087933816, 0.0286731068, -0.0460184552, 0.0325218178, -0.0427782983, -0.103387691, 0.0514665395, 0.0812819004, -0.0623091087, -0.0363705643, 0.0505762063, -0.00892957859,
    -0.023551086, 0.018774841, 0.00377885485, -0.0291772168, 0.0268280916, -0.0200685207, 0.0725489482, 0.0526958965, 0.0652276501, 0.0358415097, -0.0664577633, 0.0233291648,
    -0.00444143498, -0.0328949168, -0.0527379252, -0.0695963278, -0.053229481, -0.0653707981, -0.0382627323, -0.0363302678, 0.0530856401, -0.0140824337, 0.0359571688, -0.0704729334,
    0.0530811325, 0.0721780285, -0.0858902484, -0.0126453359, 0.0477819666, 0.0321447104, 0.00105073745, -0.113221571, 0.0469262376, 0.0533831976, -0.0369289294, -0.0986042172,
    -0.0954516828, 0.0464726277, -0.118151501, -0.0362300426, -0.0182112828, -0.093158789, -0.106059238, 0.029455401, -0.08083307, 0.0504897274, 0.0671402365, -0.0165930856,
    -0.058457002, 0.0582230352, -0.0493193045, -0.0320955217, 0.0588293076, 0.0537747517, -0.0115481643, -0.0172528736, 0.0250004046, -0.0267869364, 0.0329520144, 0.0217326004,
    0.0445314795, 0.014036133, 0.00663541025, -0.0113280509, 0.0134614361, 0.0311728623, 0.00632822653, 0.0126822414, -0.0119265039, -0.0455588065, -0.00210196874, 0.0411515422,
    -0.104757234, -0.0686579719, 0.0691874251, -0.0299617406, 0.0290852021, -0.101830848, 0.00200111908, -0.00757029047, 0.0149319312, 0.00467345444, 0.0352454074, -0.0128035489,
    0.036705438, -0.0572360754, -0.007031132, 0.00932383072, -0.0367166139, -0.0400408767, 0.0394984446, 0.012214683, -0.0656167418, 0.00223394972, 0.0842070952, -0.125772372,
    -0.0385762006, -0.0853219852, 0.00196056347, -0.106305957, 0.0334755629, 0.0139559349, -0.0228200722, -0.061974179, -0.0346831344, 0.0389194116, 0.0227433983, 0.000708245614,
    -0.0822505504, 0.0229447205, 0.0470269136, 0.0178119671, -0.136003435, 0.00382465776, -0.0483111702, -0.0213228352, -0.0164325405, -0.0553359129, -0.0907685682, -0.0810706317,
    0.0648951381, -0.0236125086, 0.0265538469, -0.0544392392, 0.0171472281, 0.0119693419, -0.0492506474, 0.0168875884, 0.00670203986, -0.065707624, 0.0422996283, 0.0703972802,
    -0.075866729, -0.00992083363, 0.0101018827, 0.00850981101, -0.010422634, 0.00190018013, -0.0465095937, -0.0351793617, 0.0651724637, -0.031112913, -0.0571139269, 0.00683121383,
    0.0351221487, 0.0150183868, 0.00751948217, -0.0834578425, -0.00306916516, -0.0550369546, -0.0316863619, 0.0186001733, -0.000368389825, -0.0734267235, -0.0438991971, -0.0406758152,
    -0.0300621074, 0.0568968281, 0.015862504, -0.00892804097, -0.102332033, 0.0626692548, 0.0489834026, -0.100368477, -0.116698794, -0.00523939217, 0.00971012469, 0.00120777066,
    0.0272019692, -0.0162867159, 0.0539129861, 0.00462591648, -0.229789644, 0.0291160699, 0.0475194119, 0.042616792, 0.25175944, 0.0529542491, -0.0235096179, -0.103070185,
    0.108034782, 0.0887781084, 0.027168652, 0.109782271, 0.0216245838, 0.152547523, 0.106040418, -0.0162723958, -0.0545964278, -0.00591604365, 0.0584880933, 0.0543130636,
    -0.126233488, -0.0328936987, -0.0314418823, 0.109641723, 0.0765187964, -0.047512576, -0.0274177995, 0.0338160023, 0.0212614201, -0.0671671629, 0.02385341, -0.0675595179,
    0.0558868051, 0.0752860978, -0.233769357, -0.0140767945, -0.244162098, -0.0322716981, 0.0754940137, -0.0418993942, -0.0820827335, -0.00153284403, -0.0299997777, 0.0268430635,
    0.0108530335, -0.143628672, 0.0432070084, 0.0994245708, 0.106447645, 0.0835497305, 0.0459207632, 0.135156482, -0.0720229894, 0.201909244, 0.00867755618, -0.0101280976,
    0.0581120253, 0.00255132746, 0.235796347, 0.0675434321, -0.0474146232, -0.102286361, 0.0249225833, 0.1139265, -0.315429568, -0.0236489754, 0.0324960798, 0.08425235,
    0.21983102, -0.00720186392, 0.0493325256, -0.245496511, 0.00132216478, 0.117742002, -0.0191579554, 0.0787634104, 0.149944365, 0.188221306, 0.16505, 0.0270319264,
    -0.0486626476, -0.178219318, -0.0356965028, 0.0277516227, -0.254809082, 0.0548250712, -0.0515274853, 0.107459985, 0.112754948, -0.122732095, 0.0800499395, -0.0649672598,
    0.0455151275, -0.00129365537, 0.0487393588, -0.0693037063, 0.003798611, 0.0429154001, -0.322281808, -0.00683935406, -0.272778481, -0.0475027971, 0.0475105606, -0.0678699762,
    -0.0215651412, 0.0146598611, 0.0252700038, 0.0197824035, -0.0383421741, -0.0339570865, 0.00261770166, -0.00745036919, 0.0886836052, 0.0380359069, 0.00206495891, 0.0379230641,
    0.0597007386, 0.176002234, 0.0410497673, -0.00862877257, -0.0612985976, -0.0445328653, 0.231372029, -0.0203943532, 0.0106048221, 0.0770172775, -0.063458994, 0.103676468,
    -0.434022903, 0.0438039228, -0.0435732342, -0.0353617892, 0.163316324, -0.0794574171, -0.0777735785, -0.304894209, -0.0352292471, -0.0361535475, -0.0896071121, 0.0110070128,
    -0.0359906331, 0.0918994397, 0.0014711821, -0.000453361106, -0.0357991345, 0.106556788, 0.00600209646, -0.0485264249, 0.0467105694, 0.0537099093, -0.0813496709, 0.0380064249,
    0.120010704, -0.0386279225, 0.0508037992, 0.0965539739, -0.000690168526, -0.0485728495, 0.0316564515, -0.0469415151, 0.0656920895, -0.00778070372, -0.418545097, -0.0188608859,
    -0.44215849, -0.137894139, 0.0763951838, -0.0917758942, 0.0353549682, -0.152881444, -0.0660574585, 0.0513977446, 0.0733559728, -0.0441402234, 0.0720548853, 0.0153679485,
    0.0964760557, 0.0261086449, 0.051100038, 0.205343381, -0.148839474, 0.118604705, -0.00905291922, -0.000713118585, -0.169315681, -0.0815439969, 0.189010605, 0.030143952,
    -0.00652981084, 0.000131246808, -0.196075127, 0.198487774, -0.175866827, 0.00317474757, -0.0542120859, 0.0174084958, 0.254712194, 0.0306773111, 0.0149166863, -0.0983878821,
    0.00111422339, -0.195792556, -0.086437948, 0.126427591, 0.121235602, 0.137317345, 0.140383258, 0.00366716459, 0.02373318, 0.0924879313, -0.0104422672, 0.0840334594,
    0.0965870321, -0.0702280998, 0.00653210748, -0.101710975, 0.0505751185, -0.0254090223, 0.0300617348, 0.103484116, -0.0384850502, -0.0162601694, 0.0185797978, -0.0691091567,
    -0.0275779683, 0.125891402, -0.139359295, -0.0893730521, -0.305455804, -0.130367711, 0.0588141233, -0.0566375181, -0.0341883115, 0.0142543204, -0.0269163735, 0.0524404347,
    0.0643409416, -0.0116576068, 0.0968664289, 0.0420146994, 0.122885592, -0.0632169023, 0.0604327247, 0.257994682, 0.0330895409, 0.215320349, 0.0444448479, 0.0993139595,
    -0.120353505, 0.00508115627, 0.118905544, -0.0300782137, -0.0793593824, -0.052872967, -0.0825891495, 0.0165587626, -0.172559679, -0.000281855959, -0.00921516493, 0.0299101509,
    0.0911375657, -0.0481251888, -0.021550674, -0.0367456749, -0.00493156118, 0.0755508095, -0.0135552166, -0.0664426163, 0.0802037492, -0.0236025881, -0.0301100742, 0.0214609616,
    0.0673176497, 0.00114405574, -0.0758231655, -0.073660478, 0.008193071, -0.0688711181, 0.0249644686, 0.0897321403, 0.011195695, 0.0379455835, 0.0870093927, -0.0844527185,
    -0.049184341, -0.0398064107, -0.048197899, 0.0309650898, 0.0842078924, -0.0599108152, -0.24765788, -0.156048119, -0.374485284, -0.253456771, 0.0493914373, -0.0950813517,
    0.0680957437, -0.286298722, -0.0568284355, 0.0618307628, -0.0928165391, 0.0206080209, 0.00128923636, 0.0382121913, 0.0648428947, -0.0413249806, 0.0773905367, 0.0562923141,
    -0.0884391665, 0.0756972879, -0.012492667, 0.0929561555, -0.0629699528, 0.0519643277, 0.0497223511, 0.0506153069, 0.0714395195, 0.0320038348, -0.0531770326, 0.178324565,
    -0.173883244, 0.00734634604, -0.0466990918, 0.0417632982, -0.0385250561, 0.0164727047, 0.0548795685, -0.110006958, 0.0572889335, 0.0499005467, -0.0925575793, 0.0324561596,
    0.145203993, -0.0802981183, -0.0498399846, -0.0758707821, 0.0260985233, 0.00542739825, 0.00508450251, -0.0735036358, -0.0831314623, 0.0540421009, 0.000237827306, -0.0249365363,
    0.00365840411, -0.0986567885, 0.0317728743, -0.149786994, -0.0374744423, -0.017376082, -0.0210984442, 0.0575688221, -0.00754774176, -0.0363454819, -0.165431917, -0.0256145075,
    -0.450691253, -0.293869287, -0.0798390582, -0.00955101475, 0.0523250699, -0.141083315, 0.0680976287, 0.0100221196, 0.0483189337, 0.0822027996, -0.00245574792, 0.0777447522,
    0.118242115, -0.134158969, -0.0682611689, -0.0485735424, -0.176471338, 0.105780244, -0.0695255995, 0.115676664, -0.173007652, -0.054918658, 0.0325270556, -0.0295898579,
    0.0725781247, -0.0363332257, -0.0399554111, 0.0265168715, 0.00814752374, -0.00946773123, 0.0531286411, 0.0677795187, -0.0511870123, 0.069485873, 0.0152402688, -0.0657871291,
    -0.0219281204, -0.0184438638, 0.0198760331, -0.0368094482, -0.0477396995, -0.031498082, -0.00507707009, -0.0249037184, -0.0693211034, 0.0496970899, -0.0249869172, -0.00903136376,
    -0.105652794, -0.0509256683, -0.0451287143, -0.00594902178, 0.072190851, -0.0149918431, 0.00786072388, -0.0496474691, 0.03423189, -0.00372162997, 0.0191623811, -0.0296339132,
    0.0732625499, 0.0202971194, -0.0224579927, 0.0574626438, -0.0171345938, -0.0771619231, -0.0194579251, 0.00655576307, 0.0198990647, 0.00459747016, -0.0713978186, 0.0505477563,
    0.0443781912, 0.0246636812, 0.0731605962, -0.011630239, -0.0510274805, -0.0775908008, 0.056394048, 0.0100519229, -0.022987904, 0.0181014184, 0.00791343115, -0.0481825806,
    0.00853597559, -0.0565963611, 0.0366640799, -0.030713683, -0.065801695, 0.075947471, 0.0649873912, -0.00979105011, -0.0189767871, 0.102971815, 0.0646563843, -0.0714500546,
    -0.120621428, -0.0734550133, -0.0751496032, 0.0728451312, 0.0878431648, 0.0184589457, 0.00554978102, -0.0827500075, -0.0638990179, -0.0082967272, -0.0973012894, 0.0109555358,
    -0.0753619745, -0.0336310528, 0.0667972639, -0.0184755661, -0.0410588942, 0.0630635992, 0.057006713, 0.0651266947, -0.030016331, 0.0771255046, -0.0508785471, -0.00352401566,
    0.0539449826, 0.0383775607, 0.017908534, -0.0781340376, -0.0547680594, 0.0136017241, -0.0217281245, -0.0103765959, 0.0234179217, -0.0915766135, 0.00492767245, -0.011619064,
    -0.0656247586, 0.0607649535, 0.0805808753, -0.0324675925, 0.0347392671, -0.0495052449, -0.0134671796, 0.000728979416, 0.0336923078, -0.111950159, 0.0524609983, -0.00388281466,
    0.0373530649, -0.0757480115, 0.0559544973, -0.078802526, 0.0232473593, 0.073149927, 0.0261564385, -0.00288753328, 0.00778650865, -0.34720552, 0.173485667, -0.110046431,
    -0.263373017, -0.294966578, 0.0859067738, 0.0081059467, -0.204127982, -0.0437712409, -0.0518773012, 0.181963712, -0.00889754482, -0.0574827045, 0.110491186, 0.121121287,
    -0.0814179257, -0.0936645865, 0.00685585337, -0.101540826, 0.0577372946, 0.0206511598, 0.010167148, -0.0824081749, -0.132605493, 0.10155461, 0.00838950276, -0.0113458894,
    -0.135214522, -0.0548541993, 0.00473465025, -0.0181178134, 0.0168799609, 0.0804083869, -0.0821033716, 0.0717511401, 0.0880833268, -0.148893565, 0.0513633564, -0.0371211059,
    0.230592474, 0.188729346, 0.0116088223, 0.0463822894, -0.0607926771, 0.127298251, 0.0631392375, -0.00364064472, -0.056058526, 0.0785341039, -0.0958367288, 0.0748701692,
    0.0450515412, 0.00085169659, -0.110704251, -0.224674687, 0.115821645, -0.242418334, 0.0249808878, -0.15356496, 0.255219221, -0.0426740944, -0.0718373209, 0.0342435762,
    -0.0357258096, -0.193710715, 0.269128621, -0.238935098, -0.149557576, -0.468632877, -0.0375359431, 0.0604667328, -0.071386233, 0.0417446494, -0.0137923667, 0.159718692,
    -0.00309154554, -0.0262607653, 0.0874963924, -0.00906061847, -0.0393509939, 0.07988704, -0.128817707, -0.122421339, -0.0242155828, -0.015389272, 0.0757571533, -0.0676294938,
    -0.148823008, 0.021266846, -0.0683174729, -0.0173400268, -0.00530141499, 0.0603049435, -0.0633438453, 0.0209408477, 0.061581824, -0.00618300587, 0.0831512138, 0.0259888321,
    0.0450876951, -0.312477052, 0.00729104364, -0.0796836168, 0.193268001, 0.261948198, -0.0179940276, -0.0822198689, -0.0786673874, 0.185318843, -0.0335755162, 0.0639120266,
    -0.0498246588, 0.0541442111, -0.103420876, 0.0433693193, -0.0854059681, 0.0362478644, -0.0142245432, -0.270522207, 0.234112754, -0.107433103, -0.0526683182, -0.099872902,
    0.239429548, 0.0424426273, -0.0169791561, 0.0570096485, -0.073097147, 0.0353543721, -0.0343368351, -0.0796999484, -0.029550558, 0.0278986059, 0.0261466075, -0.0803987235,
    -0.061537765, 0.0315077305, 0.0059731775, -0.110961333, -0.0776882619, 0.0253836717, -0.0082443757, -0.0178384893, -0.0763652027, -0.0820367336, 0.0481369942, -0.0479184799,
    -0.0665540472, -0.121579193, -0.0354539901, 0.0148956971, -0.011149032, 0.00700046495, 0.0324847288, -0.00954009313, 0.0713852942, -0.0663309619, -0.0472024344, 0.066171959,
    -0.0718661174, -0.0683709979, 0.00671199569, -0.0781712011, 0.0444949418, -0.0346218795, -0.0344159044, -0.0750617161, -0.0953533351, -0.00710321637, 0.0704173744, 0.0815262049,
    0.00649254257, -0.0935070291, -0.0116569456, -0.0693451241, 0.0308267511, -0.0399782024, 0.0555933639, 0.0354235619, -0.00891796499, 0.063264437, -0.059010718, -0.0570032373,
    -0.000785754761, -0.0101711508, 0.0577937327, -0.0459557399, -0.0772453174, -0.0547442883, -0.0958982855, 0.0596460626, 0.0647143051, 0.00406387681, -0.0157836638, 0.00804661121,
    -0.145217344, -0.0576286279, -0.0172004979, 0.0395485349, -0.031962201, 0.057845939, -0.0305569805, -0.120176755, 0.0764029548, 0.0141150104, -0.0665593594, -0.0847011432,
    0.0249344539, -0.104574025, -0.0158340968, -0.00770394877, 0.00576302456, -0.065672271, 0.0202258192, -0.00211087218, 0.0241016373, -0.0863917843, -0.0106100878, -0.0209184252,
    -0.0659236237, 0.0177313033, -0.00991078932, 0.020410914, 0.060017053, 0.0670819953, 0.00290523516, 0.0664611459, 0.0590348355, -0.0583565421, -0.050161574, 0.0586295649,
    -0.00874004047, -0.112915583, -0.047487516, 0.0434187539, 0.00754334778, -0.0768447518, 0.0613898337, 0.0818693116, -0.0201115031, 0.0380533673, 0.0385640822, -0.0374231413,
    -0.0768296048, -0.105416343, -0.0661701262, -0.0167379603, -0.0279890876, -0.0540424883, -0.0440836139, -0.0886887908, 0.044057183, -0.00196848065, -0.0337325223, -0.0392157435,
    -0.0782450214, -0.073854804, 0.0615844205, -0.0173844881, 0.106518306, -0.0195629187, -0.0383883938, -0.0485943034, 0.196861669, -0.0519367158, -0.0770830512, -0.0662064701,
    0.112990469, -0.0549745485, 0.0787459388, 0.169690073, 0.0198827684, 0.232390881, -0.0224610697, 0.0125905601, -0.0549989976, -0.342031598, 0.0508673377, -0.0372826792,
    -0.190796152, -0.0621135496, -0.00606449926, 0.0924883783, -0.0738600343, -0.227115303, 0.0796235949, 0.0986279473, 0.101891071, 0.0648262352, 0.0401405506, 0.0747053698,
    -0.0420053601, -0.0275336467, -0.148261502, 0.0948824659, -0.0817768201, 0.0585801266, -0.00913910102, 0.0644018874, -0.0249911528, 0.0431543365, -0.00612194929, 0.00564883649,
    -0.0124650327, -0.0406779237, 0.0705043748, 0.143604606, 0.0470994338, -0.00747779477, 0.0452663302, 0.0385537669, 0.150379956, 0.0624291003, 0.0641251281, -0.240929589,
    -0.0286701843, 0.0426207855, 0.0843496174, -0.0524548814, -0.0803323239, -0.107762881, -0.0143198967, -0.115204804, 0.11304301, 0.0607674159, -0.032689359, -0.0642056167,
    0.213773668, 0.0110375322, -0.0425380021, -0.181271806, 0.0459497683, -0.252574384, 0.00872288644, 0.212592572, -0.0906127691, 0.0874011591, 0.0224466808, 0.0500857159,
    -0.0397008024, -0.416217715, -0.0821518004, -0.0383333489, -0.260824859, 0.0375036038, -0.0771128759, 0.0404598899, -0.100097276, -0.143405467, -0.0728623644, 0.0370794721,
    0.0348604247, 0.0771784633, -0.0196115039, -0.0234534573, -0.0661128387, 0.0101789813, -0.0172633305, 0.0678732619, 0.0488391891, 0.0324107856, -0.0184427649, 0.0710642189,
    0.0260741059, 0.0753380135, -0.0613326654, -0.0426006205, 0.0565186329, 0.0746185184, 0.134130672, 0.13779676, -0.0042886408, -0.0409326851, 0.129682451, 0.0719529241,
    -0.0375864282, 0.115640216, -0.0315628201, -0.447187364, 0.076598838, 0.0677013248, 0.19011876, -0.0246713422, 0.0643992275, 0.125994429, -0.0281371064, -0.0797370821,
    0.281751812, 0.171440005, 0.00578808319, 0.0541634932, -0.0792797729, 0.0553124286, 0.0703764483, 0.1058219, -0.0468049385, 0.218010813, -0.219732925, -0.0860470384,
    0.0682293549, -0.00207878323, -0.170085266, 0.0764510185, 0.0355166793, 0.13913697, -0.051638037, -0.0578957349, 0.255694568, -0.00303189666, -0.0288610626, 0.055052679,
    -0.0840164572, 0.181007206, 0.0443866253, 0.114535771, -0.0239651799, -0.0805951953, 0.0675430372, 0.052344542, -0.05704128, -0.0107814334, 0.178192407, 0.0909353048,
    0.0381686389, -0.282100499, -0.0524967127, 0.0323326066, -0.0147719011, -0.203780264, 0.0181708001, -0.0195591096, 0.075899072, -0.0790131092, 0.0866233334, -0.0710390285,
    -0.099835664, -0.125958383, -0.0166797787, 0.0701086968, -0.168588921, 0.0874739215, -0.0656927601, 0.107877783, -0.179113552, 0.00637823157, -0.063163422, 0.00542839803,
    -0.00320008746, -0.0778571069, 0.0182497837, -0.0973588079, -0.0567399263, 0.237560332, 0.0792135522, 0.0963277817, -0.0438615978, 0.0597199872, 0.0628051907, -0.0647107586,
    -0.0614077449, 0.283962429, -0.0799180344, -0.0512904972, -0.0409073569, -0.0204160847, -0.0894417614, -0.0299726352, -0.0380655304, -0.0557088703, 0.0480451733, -0.000286609109,
    0.1021391, 0.0505028069, 0.0722821057, -0.0306226779, -0.0662949309, -0.0936212167, 0.0439465605, 0.143351451, 0.0263220221, 0.0570736714, -0.0386279449, -0.0732610002,
    -0.0553663112, 0.189356282, 0.0239318721, 0.0161615703, 0.104449227, -0.118377835, 0.0407779515, 0.0612820536, 0.012669553, -0.304810762, 0.00763502065, -0.000808755867,
    0.068312414, 0.0385872573, 0.121942103, -0.0269532222, -0.0930280834, -0.156651333, -0.0326368324, 0.0800833553, -0.256829739, 0.0627773777, 0.0505192727, 0.109621905,
    -0.204760343, 0.0531457253, -0.0206676591, -0.0877293721, 0.0756179541, 0.0543951653, 0.0351522677, -0.0674002171, -0.0643059611, -0.0657775551, -0.0748193264, 0.0592589192,
    0.0449586697, -0.0650391802, 0.0823577568, 0.0624131821, -0.0521903485, -0.0322918706, -0.0022213927, -0.0201363321, 0.0352395922, -0.102880485, -0.107878648, 0.0174254887,
    0.0371804014, -0.103096619, 0.00787786767, 0.0596330166, -0.0972039923, 0.0702487677, -0.0792319253, -0.0468774214, -0.0585997142, -0.0107487133, -0.00946051348, -0.0856666714,
    -0.072771579, 0.0469241105, 0.0192855727, -0.0270920992, -0.0339615606, -0.0539676771, 0.00274714967, -0.0202744137, -0.0393294878, 0.052050069, -0.0807159021, -0.0231578909,
    0.0659903213, 0.0391403474, -0.0583641343, -0.087811932, 0.00844249874, -0.0231803451, -0.0012200143, -0.069864966, -0.0814262033, -0.103978612, 0.0320836566, -0.0257016644,
    -0.0613528602, 0.015507116, -0.0420310162, -0.0801243037, -0.105954535, -0.0433467887, -0.0290878713, -0.0234241858, 0.0493104197, -0.0272283964, 0.0516680367, 0.0455474146,
    -0.10389065, -0.0513027534, -0.024411032, -0.0283068866, -0.0734995827, 0.0214775801, 0.00729352236, 0.0164699927, 0.0168041177, -0.0479747541, -0.0365951024, 0.0119345998,
    0.0590224974, -0.101496316, -0.0352445543, 0.0310853552, -0.0279649068, -0.0538094565, 0.055568438, -0.0502619185, -0.0822783932, -0.00408519898, 0.0113754552, -0.0204365533,
    -0.0747749358, -0.0145512102, -0.0318482034, -0.00213102903, 0.0629513785, 0.0789740458, -0.0045780153, -0.0221485365, 0.0494425297, 0.0472368971, -0.0826121941, -0.0498722605,
    0.0645200312, -0.0906285122, -0.0694256052, 0.0602364242, 0.0282495245, 0.0150627568, 0.0104190903, 0.0472445078, -0.0136088906, 0.0288985241, 0.0871005505, -0.0856655985,
    -0.0506327227, -0.0108751282, 0.00396450097, 0.017020056, -0.101156689, -0.0449416116, 0.0052159992, -0.0617239997, 0.0613044724, 0.0315753855, 0.0267223157, 0.0107689518,
    -0.0610739328, 0.164749667, -0.00255940598, 0.0808584243, 0.121980749, 0.196675926, -0.0962578207, 0.0278398227, 0.151598826, -0.0823394656, -0.026241418, 0.101533055,
    0.00979435816, 0.0317499302, -0.174051642, -0.141864166, -0.0713678002, -0.154713482, -0.125489846, 0.0807560161, -0.0187238865, 0.11107862, 0.00501672691, -0.00787401106,
    0.288349837, 0.00373645127, -0.0735721141, -0.0482444428, 0.0487808287, 0.219946802, 0.0510624126, 0.108492203, 0.0004340249, 0.0669841543, 0.0660605729, -0.0541999489,
    0.0632152632, 0.107792154, -0.0546439998, 0.0695853308, -0.0516323969, -0.212847903, 0.00021551791, 0.0718144029, 0.0447090901, -0.285074085, 0.114806242, -0.0811957642,
    0.0383299962, 0.0395331047, 0.060412012, 0.00518280407, -0.00776996044, -0.0835324824, 0.0638645664, 0.0425906777, -0.244110748, 0.124980465, -0.0571536608, 0.127569109,
    -0.265782267, -0.0791386738, -0.0593185462, 0.0254581925, -0.0191530995, 0.020172948, -0.127170712, 0.128476217, -0.0167688299, 0.11393901, 0.0348672979, -0.0235205907,
    0.0497920029, -0.0851241276, -0.00594275817, -0.00192449347, -0.0387468077, -0.089109838, -0.135624915, -0.158969447, 0.0428630523, -0.0138090495, 0.0183920097, -0.0737742335,
    0.0258482806, 0.0308667626, -0.0498894081, -0.0756641999, 0.17288661, 0.127840444, 0.0284497552, 0.0567741543, 0.162486419, 0.087526463, -0.0121947378, 0.0974252969,
    0.0835959315, 0.0502458699, -0.0724603385, -0.0389975086, -0.0447527654, 0.111975007, -0.0779047608, 0.112280756, -0.0820853934, -0.185204208, -0.0697942823, 0.00445640739,
    0.0508198068, -0.20086579, -0.049883049, 0.0289549362, -0.0226778612, -0.0570150614, 0.0853905529, -0.00571341533, 0.0552790612, 0.0335545577, -0.0206387267, 0.247154638,
    -0.212529108, 0.0588076152, 0.0433588177, 0.0356618389, -0.119817838, 0.062271785, -0.0377747379, -0.0765961111, 0.0548884198, 0.0436539911, -0.0511705168, 0.0548916608,
    0.0202209242, -0.0810649693, -0.0533606336, 0.0638862997, -0.0396644548, -0.0767517388, -0.0564028509, -0.00783299375, 0.0452284552, 0.0583754815, 0.0110732354, -0.0765941143,
    -0.0698382333, 0.0255586337, -0.0619778447, 0.0665795133, -0.0556248724, -0.102230214, 0.0218259133, 0.0276478473, -0.00496723177, -0.0808698982, -0.000190467632, 0.00846808404,
    0.0393133573, 0.0448147617, 0.0759577528, -0.0316082761, -0.0898849964, 0.0810622349, -0.0962676704, -0.0675925985, -0.0823570192, -0.0644770339, -0.0525668822, -0.0190993082,
    0.0542565435, -0.0698440894, 0.0422893241, 0.0187624693, 0.0840705186, 0.0227821525, -0.0550793968, -0.026115546, 0.0684448406, 0.0842485353, -0.0507126674, -0.0966687053,
    0.0264499392, 0.0323192552, 0.055196017, -0.0346440859, -0.033593338, -0.00948598236, 0.0273997746, -0.0359520167, -0.0903805792, -0.0867181793, -0.00927130505, 0.0668236986,
    0.0345060155, -0.0521111749, -0.0967436209, -0.0692375749, -0.00028252491, -0.0623419657, 0.000948804314, 0.0118431449, -0.0722211674, 0.0470647439, 0.0549152046, -0.0139852166,
    -0.085027948, 0.00466590608, -0.0407677367, -0.0715493038, 0.029044237, -0.075225614, -0.0402297527, -0.0831489563, -0.0143006044, 0.0106697138, 0.0801946223, -0.0251998845,
    -0.0275128409, -0.00178448705, 0.0284446329, -0.0423389189, -0.0336003304, -0.00839881133, 0.0463629439, 0.00335968263, -0.067418009, -0.079724662, -0.0237386301, 0.0846549571,
    -0.071323812, 0.0313532837, 0.0545979738, 0.0868920311, 0.000783107884, 0.0348012112, 0.0704493821, -0.0190928057, -0.0485730395, 0.025100844, 0.0492886752, 0.048965577,
    0.0325049087, 0.00975050498, -0.00574526843, -0.0159248281, 0.0120340632, 0.0428860597, 0.0198392849, 0.0479047112, 0.0561064817, 0.00665860483, 0.0473928154, -0.101543345,
    -0.0279144011, -0.0164276101, 0.0434718914, 0.066097185, 0.0191509295, 0.146838695, -0.0104408273, 0.00368251256, 0.193123519, 0.0929103419, -0.0177838206, 0.0947933048,
    -0.073561959, 0.000733976834, 0.0746043473, 0.0360672623, 0.00409446098, 0.0910503641, -0.064994812, -0.260494977, 0.0543111227, -0.139046997, -0.0791454762, -0.0490962006,
    -0.0243452936, 0.0697982535, -0.0398514122, -0.0716478005, 0.24669455, -0.0298388954, -0.0345086195, 0.045882199, -0.0548033342, 0.164484248, 0.0184506774, -0.0112971142,
    -0.0185477473, 0.042027805, -0.0155912014, -0.0151553107, -0.0726455599, 0.0120888231, 0.15112111, 0.0940003619, 0.0064256289, -0.182768509, 0.0110270698, -0.0206197556,
    0.0575826988, -0.295983195, 0.110163666, -0.0390628055, 0.0838290155, -0.050580252, -0.0102024125, -0.0645299926, 0.00956374593, -0.142983735, 0.0838226527, -0.0433517806,
    -0.244796515, -0.108955845, 0.0104648853, 0.0675964803, -0.0827208236, -0.0201670993, -0.195381805, -0.019617429, -0.0374823175, -0.0430408977, 0.0288595185, -0.0381545871,
    -0.00402593473, 0.0952829942, -0.0840222314, 0.0278151147, 0.0173684657, -0.0307278968, -0.0697458461, -0.00335735269, -0.00971548073, 0.167747155, -0.0720719993, -0.101451159,
    -0.00573817967, -0.0641911179, -0.0172309503, -0.0159147345, 0.0152127398, -0.0625689775, 0.0275928695, -0.0163551904, 0.121140555, -0.0216949377, -0.0891301781, -0.0334734842,
    -0.0587210953, 0.0452703871, 0.025078997, 0.00546946609, 0.0676240176, -0.00301274098, -0.000934710959, -0.000711249129, 0.0697472245, 0.120098002, -0.00164961373, -0.0278774165,
    0.0236297045, -0.175793007, -0.0721948221, 0.0758272335, 0.0552080721, -0.164587334, 0.00256890594, 0.0254531037, -0.0644862726, 0.0458547808, 0.0632803142, -0.0122804102,
    -0.0492531992, -0.113992721, -0.0351727232, 0.0871265084, -0.1999695, -0.130548403, -0.0241716597, 0.102674842, -0.0277793705, 0.0244654566, -0.1207496, 0.0655447319,
    0.0916494727, -0.0727884471, -0.0519884564, -0.061379727, 0.0462354682, 0.0345377848, -0.0107236803, -0.0269715134, -0.137792557, -0.0472973622, -0.0594455786, -0.0693800151,
    0.0259468947, -0.0316353366, 0.0427747034, -0.103083454, 0.0432844721, -0.0384767838, 0.0308724307, 0.0251291413, -0.0728291273, 0.0452633426, 0.0215779524, 0.0797048733,
    -0.0252746101, -0.00751921907, -0.00163858721, 0.00672351941, -0.109703101, -0.0357385054, -0.0738206655, -0.0323629528, 0.0259955768, 0.0219127685, 0.00925344788, -0.0702522621,
    0.00597840408, 0.000102011851, -0.0138425855, -0.0358399637, 0.0778575018, -0.0317072794, 0.0233028755, -0.0680336878, -0.075056389, 0.037291646, -0.0407929271, -0.0273391958,
    0.0547685623, 0.0578284785, -0.0640239194, 0.0048815771, -0.026508037, 0.0546254218, -0.00846452266, -0.041801475, 0.0144353267, -0.0232715122, -0.0979987234, 0.00917264447,
    -0.0844891295, 0.0271539092, -0.0671707764, 0.013242255, 0.0642033145, -0.0579923578, -0.00409301929, -0.0623559877, -0.0678230897, -0.0212380886, 0.0764651075, 0.0613273643,
    -0.00324315485, 0.00747691421, 0.031957224, -0.0424037986, 0.0642043874, -0.00448082713, -0.0912132114, -0.000891073723, 0.0010496364, -0.0854203701, 0.0284534656, -0.0729489997,
    -0.024000179, -0.0209948439, 0.0409938805, 0.0845606923, -0.0400442705, -0.0216166861, 0.0206659231, -0.0561036505, -0.0585451499, 0.035811048, 0.0785374194, 0.0803831816,
    -0.053014487, 0.0288132504, 0.0474273004, 0.0827703476, -0.0500938259, -0.0265226997, 0.0645261332, -0.0630118623, 0.0557913147, -0.0225688405, 0.033458665, 0.0790046006,
    -0.0787200928, -0.0923593491, 0.0686521605, -0.00189230917, 0.0847313032, -0.0867374018, 0.0786490887, -0.0229876097, -0.0964633301, 0.00717766397, -0.0425804704, -0.0887735188,
    -0.0358472466, -0.110357247, -0.0198968519, -0.00226466474, -0.0394052118, 0.07825654, 0.0261261947, -0.0773667172, -0.0467933267, -0.210917979, 0.0556076802, -0.0812861025,
    -0.180890724, -0.291953176, -0.0333396196, 0.000562070345, -0.137708351, 0.073929593, 0.0743904412, 0.0316560231, -0.102113388, -0.0222820584, -0.0265306085, -0.0334721804,
    0.0540454201, -0.0768855363, -0.035776455, -0.035843756, -0.074832052, -0.168738127, -0.0844822153, 0.0458870754, -0.178563491, 0.0236299355, 0.0708305165, -0.0578678586,
    0.059865389, -0.182112649, 0.0709754899, 0.00220799283, 0.00385169499, 0.0557156764, -0.142167792, 0.0749189705, -0.0453205481, -0.0951404423, 0.0455742031, -0.162426963,
    0.0177851114, 0.0421510898, 0.0839068368, -0.0138314683, -0.0597183965, 0.112282351, -0.0736105368, -0.0838522688, 0.027636731, -0.0792752951, -0.0858886242, 0.0606132001,
    -0.0119338389, 0.00993715972, -0.0227974113, -0.128906652, 0.084388867, 0.0279415511, -0.0492729843, -0.193241641, -0.0676339939, -0.0262574013, -0.0780629367, -0.0182233378,
    0.0843264461, -0.0219520312, 0.0635737628, -0.104983278, -0.00121170236, -0.302657694, 0.0697673634, 0.0739362836, -0.146381617, -0.0730031356, 0.0799366459, -0.0547438785,
    0.0496910438, -0.0151570179, -0.0766829476, 0.00192003767, 0.0628691018, -0.0705335513, -0.0572367311, 0.0386900678, -0.0166449696, 0.00436346233, 0.0312040821, -0.0362983309,
    0.0336156338, 0.0329579376, -0.0258554891, 0.00378361228, 0.0882317945, 0.0435764752, -0.0316767283, 0.0324131548, -0.0361946262, 0.0713299885, -0.0561490655, -0.0684436709,
    0.0333563313, -0.331947982, -0.0779151395, -0.0815353692, -0.0703389123, 0.0958165154, -0.0507251844, -0.067603752, -0.0317357332, 0.100744583, -0.066266574, -0.0146798529,
    -0.0825485289, -0.00425812742, -0.111874618, 0.0843164623, -0.0116781723, 0.00771271018, -0.116593286, -0.0866780579, 0.0344077684, -0.0614805743, -0.0370924696, -0.106490411,
    0.0923629925, 0.0287338216, -0.0113891009, 0.0480241515, 0.0628222898, 0.0911577046, -0.0964684784, -0.148016632, 0.140208408, 0.236803219, 0.000841356115, -0.089540422,
    -0.251907855, -0.0390826464, 0.0643780753, -0.0335183218, 0.0784060434, 0.241102815, -0.128571257, -0.156830952, 0.0229113325, -0.17175746, -0.019306412, -0.0403088331,
    0.0575075299, 0.0734264478, 0.0470385179, 0.038108211, 0.0942836851, 0.0794551969, 0.0364820361, 0.101353198, 0.0847555622, 0.139677241, 0.0200257897, -0.0885869488,
    -0.0766893625, -0.0501231477, -0.0823301673, -0.06090248, 0.0112679489, 0.104537144, 0.117808051, 0.00142451073, 0.188644737, -0.0740251839, -0.00324754114, -0.0832452476,
    -0.0620101206, -0.107880823, -0.12592043, 0.0575803183, 0.0115620075, -0.0743179992, -0.116663672, -0.116705656, -0.0590831898, -0.0686185211, 0.0727802739, -0.0614528917,
    -0.110069782, -0.189556375, 0.0631329045, 0.0732240751, 0.0303944927, 0.0824120492, -0.294111997, -0.0757111832, 0.0388454236, -0.0693970472, -0.0671383068, -0.173417985,
    0.00190811895, 0.219729364, -0.00198324351, -0.0812994987, -0.249925688, 0.0636620373, 0.00117725634, -0.125761673, -0.0619206317, 0.335177779, -0.298100322, -0.270838827,
    0.037275482, -0.241347834, -0.0311185345, 0.0497042611, -0.0367107056, -0.0746784136, 0.0566830337, -0.0781323761, -0.130649254, 0.054007519, -0.0105078518, 0.0364383645,
    0.119019091, -0.0856930465, -0.0797877461, -0.124864884, 0.0427652374, 0.00474023493, 0.0629042014, -0.0239815135, -0.0807864144, 0.19419834, -0.00435537565, -0.0656179637,
    -0.0551567301, -0.14854224, 0.0267048012, 0.0704702586, 0.0581946932, -0.181749105, -0.136027619, 0.0830134079, 0.0687411055, 0.064888604, -0.0577771664, 0.00411415333,
    -0.19708623, -0.174495846, 0.0164613575, -0.0827350542, -0.173110425, -0.0837081969, -0.0134650329, 0.123089992, -0.0777678937, 0.047575824, -0.297494292, -0.0233749263,
    0.086330004, -0.384891212, 0.0448068045, -0.0893710852, -0.210054711, -0.274762571, 0.0255846735, 0.0780122951, -0.112779759, -0.0489467271, -0.0771449059, -0.0201973505,
    0.0156979151, -0.00889268052, -0.028260842, 0.0663282424, 0.0587795004, -0.0212549195, -0.142859891, -0.0660234094, -0.0648939013, -0.000757629052, 0.0219615567, -0.0183869004,
    -0.203004062, 0.0422335677, -0.0446459502, -0.0154128829, -0.035087876, -0.0851253793, 0.0157860704, 0.00700025028, 0.0468158126, -0.00520093134, -0.0506643318, 0.0311185457,
    0.0325321406, -0.0137057882, -0.0520691685, -0.00822575577, 0.131665736, 0.0580498688, -0.080087997, 0.0667507648, -0.0344046392, -0.0107649686, 0.0765939429, -0.0251154955,
    -0.0715447962, -0.0280674938, -0.10507597, -0.0252850298, 0.0185600165, -0.0816721544, 0.00734003866, -0.249636278, -0.0575242862, -0.195044339, 4.7368143e-05, -0.0976039991,
    0.0554925762, -0.0987706855, -0.111045733, -0.0416035429, 0.00556928059, -0.192804903, 0.133739755, -0.0367411636, -0.177671522, -0.279958427, 0.0970621854, -0.0273503121,
    -0.0741401836, 0.0402104333, -0.0477967374, 0.0589754209, -0.0766654089, -0.0395299047, 0.0891425461, -0.00262684142, -0.0240282435, 0.0185909923, -0.0556913763, 0.00348198297,
    0.0286616515, -0.0876503959, -0.0489678457, 0.0214544199, -0.274421304, 0.0166619197, -0.0241406895, -0.0986508429, -0.0824585259, -0.0706762671, -0.0251376964, -0.0356786065,
    -0.0125636328, 0.000654519477, -0.0289742853, 0.0177269224, 0.0603618845, -0.199741751, 0.0621248484, -0.10725002, 0.0780625641, 0.0962390229, -0.0588652901, 0.0572766811,
    -0.0811195076, 0.0765781179, -0.0505985953, 0.0825433806, 0.0915093198, -0.086887531, -0.0946297646, -0.0303319767, 0.0104290722, 0.018367203, -0.0929504037, -0.320811778,
    -0.0194855221, -0.13000901, -0.00871122256, -0.193812668, 0.15026705, -0.0802321136, 0.0441130996, 0.0251146015, -0.0845088363, 0.0364721231, -0.128014937, -0.0667732134,
    0.11974033, 0.0816032067, 0.0399905108, 0.0817738175, -0.189000443, -0.036393065, 0.0309694186, -0.0897642598, 0.0496052466, 0.303170294, -0.166974962, -0.152849004,
    -0.067214191, -0.0114271659, -0.108774997, -0.058933232, -0.0477422997, 0.0836493224, -0.0387615934, -0.024937721, 0.118745267, -0.0711465031, -0.0275642481, 0.0788880214,
    -0.07978414, 0.00999729428, 0.0197330602, -0.11244899, 0.0866757259, -0.0817604363, 0.0801834539, -0.016421549, 0.0465824343, 0.0517977625, -0.0392314233, 0.00114500697,
    -0.0317638107, -0.0161616299, 0.0359027088, 0.0397408195, 0.052665554, -0.0113260346, 0.03400122, -0.0229608547, 0.00914896652, -0.0285107717, -0.0670117736, -0.0511578768,
    -0.0469938591, -0.159526825, 0.0403496735, -0.245465845, -0.0668733269, -0.19132933, -0.0285764802, 0.107677132, 0.00488084136, -0.0437274575, -0.0766553804, 0.00199894072,
    -0.00499636121, -0.0131076463, -0.146892369, -0.125087664, 0.00400145259, 0.0180948991, 0.0621253587, -0.0622448549, -0.133483231, -0.0148535715, 0.0691659674, 0.0256935712,
    0.0312907398, 0.249440789, -0.122568965, -0.0513803288, 0.00317781954, -0.0473241284, -0.0258280039, -0.0782028884, 0.0593562946, -0.0253586508, 0.0533279106, -0.00312470412,
    -0.128962383, 0.0616177209, 0.0315221623, 0.0295615755, -0.0419742838, -0.0655214563, 0.0820472166, -0.0839746892, 0.0351860486, 0.0754674524, -0.0369175673, -0.0148200858,
    0.0346720628, 0.0231180172, 0.0283479765, -0.112447195, 0.0102701243, -0.0387548283, -0.0776552334, -0.0684870258, -0.0212608408, 0.0027201178, -0.0765828192, 0.00058031996,
    0.0510249212, -0.0311267748, -0.074622348, -0.0252144001, -0.115603969, -0.0457560942, 0.0713011175, -0.224061221, -0.0517755933, -0.0882553533, 0.0210153982, 0.0177105293,
    -0.0598965548, 0.0792779773, -0.119980671, -0.0351395532, -0.0116060125, 0.101921514, 0.123216622, -0.114741661, 0.137068629, -0.0390823856, -0.0050755064, -0.0121875675,
    -0.155454278, 0.0422598757, -0.0278510172, 0.117062598, 0.00723256683, 0.1752754, -0.0118875038, -0.115367748, -0.0727767348, -0.13874568, -0.0178376157, -0.0733864084,
    0.0563151091, 0.180731252, 0.0544522107, 0.0246577188, 0.199837163, 0.0736291409, -0.0623628125, -0.0400070883, -0.0769289881, 0.0660649836, -0.0747128427, 0.00783845969,
    -0.0328015536, -0.0535312183, -0.0851913616, 0.0640562251, 0.0474208631, -0.040734604, 0.11617668, -0.0688603222, 0.150830388, 0.127066299, -0.0795507282, 0.0302646402,
    -0.0525591634, -0.111918949, 0.0158631317, -0.0256073177, -0.0438181534, 0.023431275, 0.070399411, -0.113344476, 0.0610721633, 0.00558016449, 0.075576447, -0.0143068992,
    0.0768999532, -0.0807843208, 0.00567146903, 0.0714700073, 0.151693061, -0.0255152117, -0.0570041537, 0.0495474748, -0.0172295608, -0.0426295325, 0.196888506, -0.138877109,
    0.0198228993, 0.0363328345, 0.0264537297, -0.0144797368, -0.191044942, 0.0420559458, 0.0471575186, 0.0315262266, -0.0305468105, 0.174203217, -0.0887981877, 0.0161441397,
    0.06598562, 0.00805946253, -0.00581273576, -0.0796851888, 0.0213612355, -0.0639199242, -0.0469303206, 0.0146251144, 0.00821725931, 0.12828894, -0.0614680909, -0.076552622,
    -0.104723155, -0.0652191713, 0.0856115296, 0.0772294924, 0.031814713, 0.0130263371, 0.0363481678, -0.0299424175, 0.064585343, 0.102814555, 0.0701736137, 0.0455056988,
    0.165772974, 0.0078745978, -0.0101732062, -0.00408063689, 0.0113235936, 0.0796873271, -0.0574236661, 0.0330572054, 0.0875370428, -0.0617718212, 0.113387287, 0.0597026832,
    0.033989545, -0.0896326229, -0.0145423329, -0.123187892, 0.0506701022, -0.0589863807, -0.0445530452, 0.0248869583, 0.067311652, -0.0346179418, -0.107529312, -0.0751423091,
    0.00877974648, 0.055289004, -0.0737748817, -0.0211530067, 0.0411636382, -0.0348159634, -0.0434283316, -0.00394061534, 0.0157084428, -0.0320153795, -0.0602415428, 0.0520585887,
    0.0491754152, -0.0479851253, 0.0513918512, 0.0751148164, 0.0611170158, -0.076061517, -0.025013689, -0.00981652737, 0.0212282185, 0.0146668656, -0.046839647, 0.084552519,
    0.0123496493, 0.0244985186, 0.0129214227, -0.0815529153, 0.0685722232, -0.0576678738, 0.0826105624, -0.0670583919, -0.0176781509, 0.065803811, -0.00235399068, 0.0315506868,
    -0.0333097912, -0.0542217307, -0.0956874713, 0.0727247372, -0.00333590293, 0.0174134932, 0.0114468839, -0.0187316928, 0.0254907832, 0.0130656483, -0.00722335838, -0.0257502906,
    -0.0493756756, -0.0660481378, -0.00593434973, 0.00886357855, -0.0887833163, 0.0316795558, -0.0450241715, 0.0500865243, 0.0262103919, 0.020698728, -0.0949264616, 0.0307192616,
    0.0174799487, -0.072682932, 0.000254247134, 0.0839219391, -0.00620984286, -0.0928324983, -0.0869103745, -0.0748352632, 0.0582051761, -0.0872663334, -0.0749052614, 0.050716687,
    -0.0140031558, 0.0600336529, 0.0456447192, -0.0948001817, -0.0570082478, -0.0495307446, -0.0604985841, 0.0531562865, -0.0304508656, 0.0520140827, 0.0265945848, 0.0313999392,
    0.0251453053, -0.0385686457, 0.0822890326, -0.0741911605, -0.0943734646, 0.0190091562, -0.0288762283, 0.0759575665, 0.0493043326, -0.0260955505, -0.0203828048, -0.0411919802,
    0.0204514433, -0.0358853638, 0.0352526121, -0.0640749186, 0.0838062912, -0.007099621, -0.0527676828, -0.055138804, 0.0215365868, -0.074593313, 0.0163577404, 0.00493404735,
    0.044097919, 0.0394675657, -0.0171796866, -0.070361875, -0.0722897351, 0.0865582004, -0.0835878849, -0.0682367086, 0.0659785718, -0.0411744714, 0.0432797559, -0.088341251,
    -0.0363919809, -0.0398399495, -0.0582663044, 0.00574631477, -0.00131452794, -0.0424051061, -0.00958852284, -0.0782944113, 0.0263947118, -0.239819914, 0.0409646071, -0.161032319,
    -0.222262219, -0.178528354, -0.0652443692, 0.00844067521, -0.157829881, -0.00317028584, -0.0305669066, -0.0143651087, -0.0417408794, 0.0750666484, 0.0657328665, 0.045102749,
    -0.0160041172, -0.0467769019, -0.0860688984, 0.0167643204, -0.0753490254, -0.226450056, -0.044807516, -0.0422561653, -0.144587323, -0.0825575218, 0.0427802764, -0.0650877282,
    0.0475862138, -0.17388913, -0.0803821012, 0.0498806052, 0.0487688258, 0.0255305376, 0.0659198985, 0.0618431345, -0.0570446216, -0.187251672, 0.133029938, 0.0521600544,
    0.13886258, 0.0589755513, -0.0385534391, 0.0592281967, -0.0362615474, 0.155161813, -0.053818617, 0.0654936284, -0.00900499802, 0.00546790008, -0.0694561377, -0.0145732369,
    0.0130467545, 0.032463789, -0.0016661156, -0.143656403, 0.162555978, -0.116300374, -0.0278358273, -0.214177921, 0.0812261701, 0.0185976699, -0.0192819051, 0.0337181427,
    -0.0247794073, -0.184074372, 0.125224099, -0.123400815, -0.181670234, -0.0659135059, 0.0217447989, -0.00570428185, -0.0265377276, 0.0175313819, -0.0279822294, -0.030267939,
    -0.00627703546, 0.13011761, 0.118789837, 0.062555179, -0.0410813317, -0.0243257694, -0.0595416017, 0.0535043478, 0.0200323332, -0.182560071, 0.086099185, -0.0458837226,
    -0.205005646, 0.00223409897, 0.0361511074, -0.0236419793, 0.0375166386, -0.159856349, -0.0562334619, 0.0703562647, 0.0079708891, 0.0226900931, 0.0468435921, 0.0266997758,
    -0.0101006394, -0.230045512, -0.0294561777, -0.0265220944, 0.102798879, 0.0492216684, 0.0317569114, -0.0513063706, 0.0254238956, 0.0311312396, 0.00150319131, -0.00377328089,
    -0.027304858, 0.0599993877, 0.00701797148, 0.0360275321, 0.037086688, 0.19728902, 0.126856968, -0.114478193, 0.178203076, -0.0513590574, -0.042593129, -0.135771021,
    0.0782430992, -0.0900645778, 0.0740734041, -0.0630533397, -0.031464003, 0.000470875122, -0.0845560357, 0.0149233034, 0.0591102578, -0.0733978897, 0.0255558677, 0.0222265609,
    -0.0706425756, 0.0285581239, -0.054038927, -0.0548253693, 0.00480008358, 0.0843740031, -0.000900983694, -0.0283159912, 0.023820091, -0.0033094231, 0.0566152483, -0.0541086718,
    0.0807797834, -0.0793501437, 0.00780120259, -0.0285854992, 0.0779182613, -0.072348997, 0.0693776235, -0.00133357896, -0.00506586162, -0.0197149143, -0.0555484481, -0.0850727931,
    -0.0282000024, -0.0854748264, -0.0187443253, -0.0170944761, -0.0112251593, 0.0608695112, 0.0211996324, -0.0642325953, 0.0205674823, -0.0462411493, 0.0157159492, 0.030288063,
    -0.076222375, 0.0608470887, 0.0774625987, 0.00953233149, 0.0524057187, 0.0576462448, 0.00408142712, -0.0772509351, -0.030285703, -0.0105061028, 0.00925769191, 0.0745041445,
    -0.0554151721, -0.0316033065, 0.0166996028, 0.069757387, 0.0856801569, -0.0270945858, -0.0446384549, 0.072749339, -0.0810766816, 0.00109201425, 0.0816742405, -0.00375444116,
    -0.0149808545, 0.0238282792, -0.00733160228, -0.00713674678, -0.0783451125, 0.016767418, 0.0704117268, -0.0766076371, 0.0834712833, -0.0462131351, -0.0541409329, -0.0807852969,
    0.0641512126, 0.00133530702, 0.0350294039, -0.0441035032, 0.0841274038, -0.0822896883, -0.00393604161, 0.0034341251, -0.0725002587, -0.0620926432, -0.00258467649, -0.0363627411,
    0.0524455048, -0.0857039467, -0.0392521396, -0.0764027908, 0.0635525361, -0.0695339888, -0.0163342431, 0.00720012514, 0.0808606446, 0.0201615877, 0.0354956314, 0.0744383708,
    0.0515257008, -0.0507202335, -0.0211363286, -0.0727666765, 0.0594774298, 0.0291843526, 0.0576295555, 0.037501961, -0.0563427694, 0.0661643669, -0.0233969055, -0.0519862175,
    -0.0698761046, -0.0791354403, -0.0379825085, 0.0261282325, 0.0267067924, -0.0778122395, -0.0320765004, 0.0185950529, 0.0419609398, -0.083551839, -0.0574265122, -0.0695788115,
    -0.089401938, 0.0146732358, -0.0495261364, -0.0472593345, -0.0619850568, 0.00852651522, -0.0547486059, -0.0991107225, -0.00835095532, 0.0880133137, -0.0686302185, 0.0461014174,
    0.0406742357, -0.0712501258, 0.0600804873, -0.0821166337, -0.0516152494, -0.0209170748, -0.081812337, 0.0442914702, -0.00329630449, -0.0724115968, -0.0798752829, -0.000410963374,
    -0.0602712333, 0.0449294262, -0.0401090756, 0.0255485699, -0.0159050822, 0.0021088263, 0.00387721485, 0.0152408732, -0.00802479126, 0.00476069702, 0.0612219647, -0.00640739547,
    0.0474511459, 0.0146934669, -0.0627130494, -0.019427903, 0.0353112705, -0.0803978965, -0.0481265895, 0.00504926592, -0.0380797945, -0.0699303746, -0.039393913, -0.0423667803,
    0.0765978768, 0.0509948097, -0.0665238127, 0.0289263129, -0.104297683, -0.0766230896, -0.00543423975, 0.0333452076, -0.0356664173, 0.0181977767, 0.0155720236, -0.0749065802,
    -0.0483268723, -0.0138984481, -0.0325792693, -0.0770420805, 0.0038055873, 0.0252594184, -0.000776465458, -0.0120598376, 0.045196142, 0.0305266883, 0.0024406407, -0.0368182808,
    -0.0280542281, 0.0530272573, 0.0625400245, -0.0624559708, 0.0497686192, 0.00179534662, -0.0964270309, 0.0409649275, 0.0744236186, 0.0187998433, -0.09850391, -0.0484712049,
    0.0552668944, 0.0302863568, 0.0579811744, 0.0206318311, -0.116390765, 0.0317592733, -0.0375607088, 0.0547931716, -0.00412433269, -0.0465854481, -0.0777546987, -0.0442780107,
    -0.0385288931, 0.0197117124, -0.0380323008, -0.0196215063, -0.0358452424, -0.0832628012, -0.10944961, -0.108719319, 0.045041766, -0.0485222191, 0.0883523971, -0.00992160011,
    0.0520277023, -0.0285543688, 0.0669006929, -0.0720378011, -0.0678165257, -0.0500660092, -0.0330589972, -0.102298364, -0.0135655003, 0.0181008931, 0.0484180748, 0.0690449551,
    -0.031860251, -0.0643259138, -0.0232374836, 0.0115395207, 0.0407817028, -0.085945487, -0.0431605279, 0.0850710943, 0.0134042082, 0.155007109, 0.0584039949, 0.0510393381,
    0.143826291, 0.0600202754, -0.0648039505, -0.0608951636, 0.0279886723, -0.0763190165, -0.018109858, 0.00822534412, -0.0432867929, 0.0744091049, -0.123803623, -0.0579467565,
    -0.00314100832, -0.110752508, 0.0212663803, -0.072854653, 0.0508351773, 0.193205759, -0.0478491485, -0.0236658975, 0.364774615, 0.0485549457, 0.0495056286, 0.0514868572,
    0.14265655, 0.208126172, 0.00197030185, 0.145215392, -0.0361572541, -0.0846907198, 0.0760105252, 0.0310143586, -0.0243515428, 0.0502716228, -0.0165465288, -0.014612698,
    0.0715557113, -0.265354306, 0.0207487457, -0.115962751, 0.0591304898, -0.0634024814, 0.0273738112, 0.0642557144, -0.0358060226, -0.0882115141, 0.0762152597, -0.0560898781,
    0.0556137376, 0.0272784792, -0.0262391791, 0.118358091, -0.121297695, -0.0259201135, 0.000106371139, 0.213625357, -0.0798857361, 0.018405335, 0.0431524664, -0.0707363933,
    0.0423245281, 0.0999655202, -0.0861203596, 0.0606465153, -0.083312422, 0.141367942, -0.0470091216, 0.0297118444, 0.106508397, -0.0289604999, -0.0155120734, 0.0105895204,
    -0.0610341057, -0.00695154909, 0.0377826206, -0.102069713, 0.0646172315, -0.0717864186, -0.00342051545, 0.0467004664, 0.0224093441, 0.11472363, -0.0463045612, 0.0720928013,
    0.104478374, 0.0734319687, 0.033110179, 0.129173413, 0.124713734, -0.000119527132, -0.0766368806, 0.154479519, 0.0779966116, 0.0412911922, -0.00185250898, 0.0740845203,
    -0.00323478109, -0.0159894936, -0.0161409844, -0.0815209299, -0.0201983638, -0.199703604, 0.0409202687, -0.0554811992, -0.0144145805, -0.146210477, -0.0187718831, -0.0480316207,
    0.0590436906, -0.0299213305, 0.0915994719, 0.0148981074, 0.0994340554, -0.0103403321, -0.0076600872, 0.13435702, -0.0754055604, 0.0276373178, -0.0886260197, 0.0720871985,
    -0.129947752, 0.0461220294, -0.0635203496, -0.000502801384, -0.00226437091, -0.0740792155, 0.0428210199, 0.0409135558, 0.0344173685, -0.213941067, -0.013813124, -0.0618613213,
    0.012472434, 0.00639758585, -0.00894788094, 0.0336684585, 0.0537500754, -0.0314404331, -0.00188904081, -0.000284923502, -0.00269335206, 0.0196721256, -0.0733632371, -0.0774358362,
    0.00826748367, -0.0435357094, -0.0251528807, 0.0189018715, -0.0186896063, 0.0800926164, 0.0683624893, 0.0676115826, 0.0954587311, -0.0806231946, -0.0476553366, -0.0351647064,
    0.0564924553, 0.079835549, -0.0190546103, 0.0267616156, -0.0672391206, -0.0972540006, -0.066594705, 0.021904612, -0.0869691074, 0.00500584859, 0.0479483418, 0.0836484358,
    -0.033582788, -0.0751226991, -0.0845583975, 0.0207265019, -0.0650444329, -0.0384968556, 0.0555981845, -0.0551591963, -0.0449746288, -0.0696351379, 0.0440032147, -0.0517638326,
    0.0571029522, 0.0808131397, 0.086545527, -0.123358347, -0.10620261, -0.0829772055, 0.0774370432, 0.0218376201, -0.0450010635, -0.150940493, -0.0788734928, -0.0538006276,
    -0.0490170084, -0.102120191, -0.0656743646, -0.0525800362, -0.0817639381, 0.0212046579, -0.0562436916, -0.0368603542, -0.0730845854, -0.0325156301, -0.0887111723, -0.0529807769,
    -0.0129604293, 0.0241038352, -0.0543605238, -0.0257091969, -0.0332547799, -0.111373864, -0.034144152, -0.0208392143, -0.0413254127, 0.0412615761, 0.0359999724, -0.00463733356,
    0.0850040391, 0.0148472264, -0.0706524774, -0.0476535112, 0.00648866547, -0.0547298752, 0.0882985294, 0.00126025395, 0.005964485, -0.121826775, 0.0187845752, 0.00827913731,
    -0.0195797384, 0.0416000783, 0.00576874427, -0.0441305824, 0.0667318031, -0.0409892872, 0.0247351844, -0.0871761516, 0.0288561769, -0.0237201303, 0.0739724487, -0.0537780225,
    -0.0345570706, 0.069286488, 0.0345383398, -0.0422567241, -0.0632855296, 0.0108019523, 0.0714457035, -0.0827278718, -0.0443934128, 0.06662146, 0.0365728252, -0.0212801322,
    0.0481406339, 0.0114367744, 0.0124086272, 0.0609028973, -0.0731505305, 0.0351993069, 0.00158091774, 0.0387033559, -0.0847299471, -0.0406175591, -0.0883228183, -0.0636182055,
    -0.065772146, 0.00424702186, -0.0647363067, -0.0654913783, 0.00574379368, -0.0271232333, -0.0333397463, -0.0325590931, -0.0234387163, 0.0411049612, 0.0662010983, 0.0260610189,
    0.0281686876, 0.0536501557, -0.00377567275, 0.0530362129, -0.00546579296, -0.0467839241, 0.0509400517, 0.0535474531, -0.0761199594, -0.0571575835, -0.0992619172, 0.0615564622,
    0.0749632567, -0.082138516, -0.0360989198, 0.0215856768, -0.0610424951, -0.0283536389, -0.0689997524, -0.0547568351, 0.0407261401, 0.0441620685, 0.0181827396, -0.0131383529,
    0.045392409, 0.0838678777, -0.0172173567, -0.0187100191, -0.0538261905, -0.0723890886, 0.0733655691, -0.086979188, -0.0820666179, 0.0619899035, -0.0566320457, 0.0566554405,
    -0.0738135651, -0.0054403469, 0.0488067232, 0.0365956128, -0.0519503094, 0.0334565192, -0.063979432, -0.0166345555, -0.0942244083, 0.0210566036, -0.0244142562, 0.0298925992,
    -0.0408396311, 0.0639026165, 0.0690432712, -0.110829279, -0.0113048172, -0.0158352759, -0.0616768971, -0.00297802361, -0.021442093, 0.00807185285, 0.0530744977, 0.047242716,
    -0.0316293873, -0.00027063326, 0.0285755526, 0.073047787, -0.0266258661, 0.0153133832, -0.0695049912, -0.0107930172, -0.0787872598, -0.0496183932, -0.0445029512, 0.0509151518,
    -0.105305851, 0.0296561867, -0.0284890272, 0.0863718316, -0.0834240243, -0.0127420845, 0.0610018261, -0.03111865, -0.0673757643, 0.0113200955, 0.0404032655, 0.0238782857,
    0.0388718471, -0.027758535, 0.0368729495, 0.0808561146, -0.0635225624, 0.0667931363, 0.0882143751, -0.0521104932, -0.106755234, 0.0434395038, 0.0774322301, 0.0209738705,
    -0.0984343216, 0.0146171544, -0.0786914006, -0.0425852127, -0.0878885388, 0.0875117779, -0.0223948937, -0.076577872, 0.0873347968, 0.00380208343, -0.0192704704, -0.0145149417,
    -0.021795474, 0.0152137075, 0.0183435343, 0.00391039811, -0.0998394638, 0.0234010052, 0.0430677347, 0.0247858986, 0.0155177321, 0.0543257296, -0.0962668434, -0.111070991,
    -0.0116619496, 0.0527941287, -0.0282197185, -0.079419665, 0.0370464474, -0.101448603, 0.0311060064, -0.0657294244, 0.0580179542, 0.018474197, 0.0162435304, -0.0399056859,
    -0.0524635315, -0.0346841626, 0.00337599404, 0.0837859511, 0.00368111883, 0.042422276, 0.0575212091, 0.0192661453, 0.0388916694, -0.0860091746, -0.0965721831, -0.0521440171,
    -0.0867410973, -0.0131687289, -0.022387214, 0.012306395, -0.0648267493, -0.0973409563, 0.0548743606, -0.0695370287, -0.0189745128, 0.0831509456, 0.0522494614, -0.0503867157,
    0.0489561446, 0.019752549, -0.0650535449, 0.0513581298, -0.0321760401, -0.0307504665, -0.0945361629, -0.00535418326, 0.0363208093, -0.0670688525, 0.00839277077, -0.00287085352,
    0.0381511189, 0.00656528911, 0.0110643143, -0.0271907263, -0.0476972051, -0.0100334007, 0.0661040172, 0.0576158538, 0.0131246904, -0.0761627853, 0.0546259806, -0.0776933804,
    -0.0132432031, -0.0201336332, -0.0513380133, -0.0100015039, -0.0151475957, -0.0841484293, -0.0137513699, -0.0459355116, -0.0172921196, -0.0334318541, -0.0795313194, -0.0274781212,
    -0.063081421, -0.00954622962, 0.0370129086, 0.0828334764, 0.049554009, 0.0422763899, -0.0417880826, 0.0569521561, -0.029468989, 0.0779477209, 0.0172729511, 0.0208975449,
    0.0244872868, -0.0927263945, 0.00844503287, -0.0571669079, 0.058169663, -0.0424891636, -0.0218816847, -0.0795284137, 0.0124705359, -0.0555500835, -0.0256557018, -0.0404922478,
    0.000622912834, 0.0207328349, -0.105281554, 0.0575306565, 0.019260304, -0.00943733286, 0.0151404552, -0.0719875395, -0.0980935991, -0.048991207, -0.0981110334, 0.0293033961,
    -0.0685079992, -0.0692265257, 0.0357915573, -0.0843533874, 0.0525844842, 0.0562490411, 0.0633119494, 0.0334898643, -0.104246169, 0.0395546779, 0.0336420462, 0.0436728783,
    -0.0438437685, 0.00650773663, 0.0324850827, -0.0735855103, -0.0746280402, 0.0124602448, -0.0776809901, 0.0637450069, -0.0126318, -0.0785251558, -0.102664113, 0.0760868117,
    -0.0365180932, -0.0186288916, -0.0294276457, -0.0449287407, -0.131290555, -0.0656454638, -0.0518406108, -0.0234579761, -0.0283027142, -0.0563360937, -0.0744343922, -0.0664888993,
    -6.56179254e-05, -0.0853333548, -0.0557560623, 0.0382519849, 0.0339103937, -0.0221190061, 0.00656287884, -0.0104747349, -0.0888530686, -0.055632975, 0.0789629593, 0.0794338807,
    0.00189740898, -0.0562957451, -0.0458357595, -0.0377825201, -0.0563898049, 0.0587305799, -0.0692932978, -0.0172020718, -0.0490612499, -0.0720107555, 0.0457803048, -0.036056906,
    -0.063488923, 0.0176797863, 0.0155870002, -0.0397787206, -0.0209764093, -0.0879273713, -0.072115615, 0.0852837786, -0.0767283365, 0.0213778839, -0.056801267, -0.0413638465,
    -0.0757323429, 0.0150375953, -0.0446301103, -0.0883449316, -0.0533579364, 0.0704680681, -0.065914005, -0.00915219821, 0.0370862335, 0.0161844809, 0.0249732304, -0.0322882347,
    -0.036177095, 0.028950477, 0.0607928671, -0.0810067132, 0.0260954425, -0.0588190742, -0.0731424317, -0.0453245416, -0.0707679465, -0.00656541483, -0.088277556, 0.0461695231,
    -0.0336891226, -0.0346670151, 0.0502328277, -0.0249795411, -0.0687561706, -0.0250287484, -0.0839090198, 0.0290455632, -0.0706487298, -0.00406872295, -0.0838090628, 0.0821890905,
    -0.108291462, 0.0383804142, 0.0575011112, -0.0722537562, -0.073111698, 0.0170438103, -0.0617954247, 0.0834788606, 0.0133820456, -0.0385039262, -0.0395791866, -0.0552329272,
    -0.0389087871, -0.055351764, 0.0515243001, -0.0118973004, -0.0635669976, -0.0709173083, -0.0708900169, -0.0975570381, 0.0238690712, 0.0232823249, 0.0464835279, -0.0189500861,
    -0.0354491584, 0.041602008, 0.0887252241, -0.15252398, 0.275046974, 0.19004494, 0.0323062539, 0.00941737182, -0.114363521, 0.0531822816, -0.00843418483, 0.226762116,
    -0.0833600983, 0.228584468, -0.0812846646, -0.18503128, -0.0424349383, -0.168641448, -0.104964949, 0.0599740781, 0.0858780071, 0.102256276, 0.0064248303, 0.00645735022,
    0.305959582, 0.0538195036, -0.0388000831, 0.193328336, -0.0553807765, 0.256211281, 0.0718062595, 0.0547494888, -0.0447326787, 0.0275323223, 0.00473275175, -0.0729924068,
    0.0276599228, -0.0331984647, 0.152964234, 0.0263951682, 0.296404958, -0.0223685149, -0.0624406599, -0.0484078676, 0.012355675, -0.142627895, 0.0263769124, 0.0833717138,
    -0.0680517852, -0.0521371104, 0.0331363715, -0.0686764568, 0.0794995204, -0.00832075812, 0.0943129361, -0.0739615634, -0.155936643, -0.165299743, 0.0672731027, 0.161332786,
    0.133638129, 0.0464514755, -0.118590988, 0.0765551478, 0.0930173025, -0.136833921, 0.161291152, -0.0813281238, 0.0269571915, 0.228359118, -0.0304810479, 0.0421857759,
    -0.191492602, -0.048447296, 0.0800988004, -0.0577666722, 0.0852226987, 0.275132895, -0.0436610766, -0.0970657691, 0.00703177089, -0.197219878, -0.138561204, -0.0775124058,
    -0.0611399747, 0.0150054395, 0.0752040222, 0.0860459283, 0.0455965064, 0.0176372509, -0.0622827597, 0.154543445, -0.124470107, -0.0752012953, -0.0285680182, 0.0369793959,
    -0.0598475337, 0.029028926, 0.0626743883, -0.0557275936, -0.000916651799, 0.138600588, -0.0849597305, -0.0472857468, 0.0685444847, -0.0952491313, 0.00474273227, -0.00127944129,
    0.033288952, -0.171387389, 0.00426071463, -0.0282656997, 0.0516489744, -0.0806199312, 0.0928218588, -0.0698928088, -0.0358420834, -0.04170385, 0.0471139587, -0.100334577,
    -0.0252868682, -0.140751362, 0.00739543326, 0.134901449, 0.0182920732, -0.0235290006, -0.130459756, 0.0232161283, 0.0236241408, -0.0923773199, -0.0348813832, -0.0142306872,
    0.0337829702, 0.0805034712, 0.0771317706, 0.057715103, 0.125055477, 0.0703711137, -0.00163073535, -0.210792288, 0.0121569103, -0.0175977089, -0.000714930356, -0.0469035283,
    -0.027418036, -0.0229926035, -0.0323249884, 0.0469599403, 0.0226794686, -0.041937124, -0.0846382007, 0.0661845878, -0.186331928, 0.0513168834, -0.0415528826, 0.0723841786,
    -0.068109639, -0.130489022, -0.0295522213, -0.0495738387, 0.0294027086, -0.0142745161, -0.0603844486, -0.00388344214, -0.0880291089, 0.0381220989, -0.172458708, -0.02745069,
    -0.0630658418, -0.10160017, 0.0185627677, -0.0643791333, 0.00652466901, -0.00432975544, -0.085895896, -0.0100732129, -0.0143856481, -0.0746774152, 0.0352355503, 0.00136876642,
    -0.0460743308, -0.0919868872, -0.0986944214, -0.0391974412, 0.0330991484, 0.0808185637, -0.0341680199, -0.117397137, -0.111434199, -0.0999664143, -0.0243377853, 0.0627335608,
    0.0735275447, -0.125111461, -0.0659948215, -0.0694764107, -0.0710403547, -0.107161924, 0.0141453082, -0.0492445491, 0.119315393, -0.084335871, -0.0590192005, -0.178840742,
    -0.0338132977, -0.108335964, 0.0041963174, -0.0393377468, -0.0335136242, 0.00399657199, -0.109269723, 0.0142076798, 0.0396837592, -0.273269206, -0.0556219965, -0.0304433219,
    -0.292366505, 0.00764984265, 0.0756647587, 0.0636998266, -0.0124980696, -0.221911818, -0.0289094914, 0.0660113618, 0.0033768455, 0.0675680339, 0.00861486699, -0.0870577395,
    -0.0742744431, 0.00113536988, -0.173801929, -0.0722455755, -0.0547881089, -0.0715505406, -0.0187735129, -0.0905937403, 0.0529422164, 0.0315731205, 0.0454298034, -0.0235871244,
    0.120614409, 0.0517613776, 0.0335480347, 0.0291019157, 0.00945464894, -0.126040846, -0.00273597916, -0.0262975749, -0.150538996, -0.08594767, -0.0533379018, -0.239706114,
    -0.0315156169, -0.00646367017, -0.0818695426, 0.0775300413, 0.0094100954, -0.314491928, 0.120524667, -0.117874041, -0.0656703636, 0.00370909623, 0.0110410294, -0.0255619045,
    -0.053737592, -0.0735039562, 0.0752151832, 0.192806408, -0.0794174373, -0.0336421542, 0.0123098195, 0.238146693, -0.0543493479, 0.0321006514, -0.0513407178, -0.0639708415,
    0.0175162088, -0.101702958, -0.0625465661, 0.0800006613, -0.32264939, -0.0130717363, -0.012154297, -0.0757079273, 0.0247074421, -0.102639869, -0.0612103827, 0.0128933191,
    -0.0787872747, -0.0260014441, -0.0599172376, -0.0834853277, 0.0100729065, -0.0391447283, 0.0622697957, 0.0318838693, 0.237741634, 0.232825458, -0.0419275463, 0.0253052544,
    0.0444469489, 0.213396505, 0.069673568, -0.0658668205, -0.0138753112, 0.052235622, 0.118122511, 0.122399561, 0.017176237, 0.0968551189, 0.0481681377, -0.0187694654,
    0.23001273, 0.0536945239, 0.0275946576, -0.321334511, 0.127321437, -0.0668078437, 0.114707977, 0.080345355, -0.023738496, -0.279848814, 0.206867456, -0.128768325,
    -0.207666725, -0.255384475, -0.0802495256, 0.0420689806, -0.059377268, 0.0535202175, 0.081641756, 0.0444758944, 0.0361021459, -0.193249449, 0.0490898415, 0.120917127,
    -0.00793253537, 0.183493972, 0.0336464494, -0.0367187597, -0.0369760394, -0.150528923, -0.0313660987, 0.0786235929, -0.371224493, -0.0455230922, -0.0630994663, -0.0711141601,
    -0.0555461682, -0.121815495, -0.0688982308, 0.0183442812, -0.00892506354, -0.0255797654, -0.0119803185, -0.0150561715, 0.0366750471, -0.128239766, 0.00677456474, 0.00248915772,
    0.0306390971, 0.260047138, 0.0137481336, 0.0024374323, 0.0716583952, 0.220686316, 0.022759771, 0.0655722469, -0.0357287079, -0.0161138996, -0.0648632348, 0.0109419441,
    -0.0635132715, -0.0581756681, 0.0693566278, -0.181066021, 0.245635092, -0.0452689826, 0.0468220711, -0.29769218, 0.263660163, 0.0570417382, 0.0287024863, -0.0183239747,
    -0.074444063, 0.00778370583, -0.0566794313, 0.0215362217, -0.179333821, 0.0552380867, -0.0841732919, -0.034288913, 0.199250802, -0.0351904035, -0.0695532337, -0.182261035,
    0.0867053419, 0.0236027669, 0.0238984767, -0.0188827347, 0.0775269568, 0.0791990757, 0.0440110415, -0.0728908628, 0.00289776362, -0.141216204, 0.0311009623, 0.059321288,
    -0.0882419795, 0.0672805831, -0.0597472265, -0.0186290517, 0.0358370543, -0.0895444229, -0.0871075913, 0.0451838933, 0.0529697798, -0.0242611486, -0.0710085854, 0.0761201233,
    -0.013870622, 0.0287205353, -0.141203418, 0.0100699002, -0.202780172, -0.00485012308, -0.085435465, -0.0352977924, 0.0681623593, 0.013121929, -0.0684770867, -0.0227259286,
    -0.098963365, -0.0324115902, -0.0337495208, 0.0415060706, 0.0502317846, 0.0598900206, -0.0598988719, 0.086879082, 0.0275063887, -0.0159407947, 0.0495616868, 0.0568730198,
    0.0610151663, 0.0646732077, 0.142997578, 0.0327314958, -0.0226391461, -0.162982032, -0.031178996, 0.0151559217, -0.264725477, 0.00322883832, 0.0157244634, -0.0248240512,
    0.180237517, 0.031404186, -0.0615918972, -0.0805930421, -0.0206742901, 0.1726567, 0.0916749313, 0.0897361115, 0.129886776, 0.118805714, 0.0835151821, -0.0011884633,
    0.0646922737, -0.160134733, -0.000985975843, 0.00823120587, -0.260248631, -0.00758668547, -0.0137377828, 0.0424504094, 0.0528043695, -0.140924603, 0.0166780557, 0.0847306624,
    -0.0776317269, -0.0490792468, 0.0369988866, 0.0705233589, 0.00501255644, -0.0763866454, -0.168547735, 0.0368305966, -0.228077829, 0.0645482391, -0.00788196642, -0.0590795539,
    0.0149473585, 0.0794170573, -0.0984663069, 0.0426154993, 0.043186035, -0.110369056, -0.0318061374, -0.044916898, 0.117612407, 0.0143878581, -0.0933687687, 0.0422913209,
    -0.0632432178, 0.0845937803, 0.039105244, 0.0319304429, -0.0838088468, 0.0413114876, 0.164864346, -0.0559533648, 0.0252825841, -0.114392877, 0.15034005, -0.0396590084,
    -0.129651949, -0.0367721915, 0.0715348795, 0.0396031514, 0.115357697, -0.0327195898, -0.0811276957, -0.0630923808, -0.0557694882, 0.0329266451, 0.0951879099, 0.0407128036,
    -0.110718951, 0.0457910486, -0.0429774337, -0.0772316009, 0.0823347494, -0.0577174313, -0.109672219, 0.0324370153, -0.311664522, -0.0452511646, 0.0223087724, 0.123613752,
    -0.126992613, -0.254501343, -0.0801380724, 0.0370805003, -0.0436899103, -0.00238217134, 0.0243974701, 0.0334539115, 0.0741126612, 0.0408207476, -0.0834670961, 0.0490779765,
    0.0554659702, 0.106452078, -0.0501549169, -0.00121228385, 0.0279511884, 0.137025326, -0.0396132022, 0.0661173612, 0.0612892546, -0.0141002806, 0.0581665859, 0.0649118945,
    -0.0506448261, 0.0248928107, 0.0913708359, 0.0656039119, 0.0784120038, 0.0964742526, -0.0675481558, -0.117201969, 0.147552818, -0.0698346496, 0.066646561, -0.0480477326,
    -0.0548876524, -0.191616133, 0.08863125, 0.0454206541, -0.161371276, -0.118782565, -0.0846702009, 0.0558044203, 0.152372584, -0.0482686237, -0.0772580132, 0.00690496573,
    -0.0525132157, 0.182661787, 0.0880337283, 0.107245259, -0.149576187, 0.158485815, 0.0136945602, 0.010867225, 0.062879689, -0.135794446, -0.0882867947, -0.0442876555,
    -0.266556054, 0.0871652216, -0.0100995665, 0.0744087547, -0.125014782, -0.119013332, -0.0701043308, 0.115084767, -0.0203177519, -0.0184658505, 0.0433741286, 0.0298697762,
    -0.00103526353, -0.115455069, -0.0564459898, 0.0623376183, -0.0813757405, 0.17892693, 0.00834945869, 0.00166205398, -0.016417956, 0.0204606503, 0.0525991954, -0.0160471592,
    0.046615988, -0.0446496233, 0.0987083763, -0.0141284224, 0.0845146924, 0.0288576614, 0.0126560247, -0.0312267095, -0.0328875035, 0.0558834523, -0.0295053534, -0.109904632,
    0.118986472, -0.0166420657, 0.0510385558, 0.0792768374, 0.0316257104, -0.0508461967, 0.0615569428, -0.0732279867, -0.0259333402, 0.0408506356, -0.075360775, -0.0434558764,
    0.0317036994, -0.0598270074, -0.0860951468, 0.0295111891, 0.0153865917, -0.0225458182, 0.0366299488, 0.0101746693, 0.0238938164, -0.0568030886, 0.00602201326, -0.0668918863,
    0.00156617688, 0.03278175, -0.0770102218, -0.0359448232, -0.00804448035, -0.0252944306, 0.0132797444, -0.0172400102, 0.0700967163, -0.0539762788, 0.0111860372, 0.00533107063,
    -0.00231817202, -0.0526611917, -0.138051853, 0.0483427718, -0.0605093874, -0.00349705969, 0.00127537269, -0.0717891157, 0.0419288427, 0.00212220219, -0.0150733991, -0.078168653,
    0.0273180176, -0.0845410749, 0.0206450969, 0.0612470396, -0.0844876692, -0.0541908145, 0.00459328992, 0.0447473787, -0.088596046, -0.0149001041, 0.0608535036, 0.0347757936,
    -0.104342945, 0.021638196, 0.03164161, -0.0587072037, 0.0289520919, 0.00213806774, 0.00981420465, -0.0158380158, 0.08406353, 0.00986925047, -0.0315804891, 0.00628950726,
    -0.0389713943, -0.0658584982, 0.0283825733, 0.0335061662, -0.0490937456, -0.0593664385, 0.0813973546, -0.0343866721, -0.0193967056, 0.000636507233, -0.0571258254, -0.117607452,
    0.0175086856, -0.0448775291, -0.0843248963, -0.0512772873, -0.0117236935, 0.0729427785, 0.0375713967, 0.0251042433, 0.0734608099, 0.0394198298, 0.0641205683, 0.0552832708,
    -0.0364908874, 0.00983574893, 0.0494350269, -0.104378112, 0.0736617446, 0.0572347865, -0.0012899976, -0.0337390378, -0.0731678307, -0.0525860973, 0.0473432243, -0.0266660471,
    -0.0135443648, 0.0462484807, -0.00360466191, 0.00667575514, 0.0830115899, -0.0938842371, 0.0631434992, -0.0834510326, 0.0769536942, -0.0368428156, 0.00405967934, -0.0944238976,
    0.0276422501, 0.0529331081, -0.0158078503, -0.0401732549, 0.0148658901, -0.0216622949, 0.0667313039, -0.0741758272, -0.110290118, 0.0571360067, -0.0907307416, 0.0208519641,
    0.0679158121, -0.189083442, 0.0839003101, -0.00446374714, -0.0756052285, -0.142808422, 0.0483261086, -0.065323472, -0.164280355, -0.0173108801, 0.0435173064, 0.0769789666,
    -0.00666012056, -0.179002658, 0.00506544672, 0.00910932478, 0.0325172618, 0.0360795781, 0.00307512912, -0.0138180591, 0.0484128967, 0.0458436944, 0.0582681, 0.0311159957,
    -0.29820922, 0.10146521, -0.00450514723, -0.0938533023, -0.0146757141, -0.106700115, -0.0213002898, 0.0988258719, 0.0768426135, -0.0391473621, -0.0637914613, -0.0647135973,
    -0.000814519415, -0.0170469899, -0.0743801966, -0.000739121344, 0.0832488462, 0.0385247394, 0.057071384, -0.00502190227, -0.0158696473, 0.11435616, -0.0581879616, 0.0141843213,
    -0.0720190853, -0.0317330882, -0.0161435306, -0.0157316383, -0.0133303972, -0.115930572, 0.0580911785, -0.179651573, 0.0755503252, -0.178893417, -0.016869301, -0.161462799,
    0.0843122676, -0.00245038513, -0.0694813579, 0.0297894441, 0.042043712, -0.1579009, 0.11612922, -0.131443456, -0.115640759, -0.168007702, -0.00111968338, 0.0158115327,
    -0.0140706962, 0.0100102555, 0.0499799326, 0.107304968, -0.0714892745, -0.0934667587, -0.00387981581, -0.0242475681, -0.041021131, -0.0448536649, -0.126040772, -0.121234231,
    -0.0202967506, -0.108941048, -0.0419886373, -0.0342200473, -0.234291628, 0.138061702, 0.0922451913, 0.0361907072, -0.0362952128, -0.180587724, 0.0690790489, 0.00877322629,
    0.0783166364, -0.0164420642, 0.0221146997, -0.0466034338, 0.0282074735, -0.136080787, -0.0094862571, -0.0039837365, 0.00802434422, 0.0850598216, 0.0328397267, -0.0261187814,
    0.0410681926, 0.0199134331, 0.017225245, -0.0511502698, 0.0431831181, -0.0132080317, 0.00216208212, -0.0255299304, 0.0315078162, 0.00492198765, 0.102905318, -0.194031045,
    0.0714504793, -0.22725898, 0.0338674858, -0.172458038, 0.174066946, 0.0632344484, -0.0562236533, 0.043102812, -0.0268223342, 0.0231916793, -0.145744905, -0.0177983567,
    -0.271609783, 0.015285938, -0.0524358377, 0.0523209684, 0.131194443, -0.0338249728, -0.0799709707, -0.0883404762, 0.0713871494, -0.228515059, -0.0653281808, -0.0076411292,
    0.0537929013, -0.110566773, -0.106893197, 0.00923194271, 0.0293435995, -0.0388461314, 0.0584550686, 0.0232931301, 0.0660679489, 0.0486957319, -0.0116525441, 0.0236197617,
    0.152758792, 0.0419018827, -0.0177652445, 0.0360901766, -0.0162986871, -0.0554607958, 0.0121183936, -0.0174442437, 0.0685892627, -0.0711528733, -0.192345008, -0.068612799,
    -0.278157324, -0.324512213, -0.0637211576, -0.106200166, -0.0459727906, -0.118318833, 0.0452675596, 0.0105285039, 0.0562955625, 0.0979487449, 0.0363584757, -0.0499722213,
    -0.0107498243, -0.0430193618, -0.0359709561, 0.0681990609, -0.150308281, 0.100930192, 0.0169903859, 0.0512940064, -0.0892593637, 0.0404109024, 0.0953079835, 0.0166813321,
    0.03668423, -0.0670894012, -0.0742429495, 0.130003184, -0.216448158, 0.0513783544, 0.0234731454, -0.0777713507, 0.140685603, 0.0711203292, 0.0799168944, -0.196630701,
    -0.0290296748, -0.0378240086, -0.136118144, -0.0552137233, 0.0956879184, 0.0631733388, 0.0648048222, -0.0346018337, -0.0442039445, 0.0684555992, 0.0282449219, -0.0824119151,
    0.0254836399, 0.000319483632, -0.0660291985, -0.0386060886, 0.032014437, -0.0541007817, 0.0148774162, 0.00323454663, 0.062815845, -0.0678091124, -0.0362194292, -0.0106271068,
    0.0278122723, -0.061258018, -0.223455667, 0.000723571167, -0.2967574, -0.113810211, 0.0735837817, -0.118940607, -0.0329026021, -0.102598198, -0.0342848115, 0.0517305657,
    0.0435361415, 0.020494163, 0.0300167445, -0.0934987739, 0.0771074817, -0.00720642693, -0.0219809189, 0.106211819, -0.0779267177, 0.181887656, 0.0483837649, 0.141068369,
    -0.0659972653, -0.049535159, 0.0321946815, 0.0856980085, 0.045393493, -0.0889529064, -0.0529308245, 0.035101518, -0.0526416562, 0.0019723461, 0.0258970037, 0.0378097892,
    -0.0800993592, -0.0169153735, 0.0394412093, -0.024049012, -0.0277906097, 0.0582148395, -0.070196934, -0.0688077882, 0.0279048067, 0.0314308703, -0.0895590857, -0.062961936,
    0.034236718, -0.0565684177, 0.0725338086, -0.0602295324, -0.0906188935, 0.0165536385, -0.081084691, 0.0100254919, -0.0219776854, -0.0964146852, -0.0474718399, -0.0631133318,
    -0.0773237199, 0.0782951266, 0.0470973216, -0.044388406, 0.036662668, 0.013586917, -0.00481760316, -6.79196455e-05, 0.00189851294, 0.0598608069, 0.00534290308, -0.0450262353,
    -0.0518720001, 0.0157020707, -0.0319775194, 0.0680088624, 0.00638368819, 0.0265411865, -0.041834794, 0.0113964528, 0.0379813984, -0.0523387156, -0.0124949915, -0.0147691807,
    -0.0447086766, 0.0302877016, 0.0327949785, -0.0180423241, -0.0598292574, 0.0761103854, -0.0879430547, -0.0512364283, 0.0800564066, -0.0720992312, 0.0597515143, -0.0691790134,
    -0.0787751228, 0.0279338881, -0.0752198622, -0.0679798126, -0.0899406597, 0.0586544201, -0.00433089398, -0.0773920268, -0.0614222363, -0.0854268372, 0.0252495538, -0.0172455013,
    0.04899038, -0.0597919263, -0.0445122682, -0.0416888259, -0.0211734902, -0.0574570559, -0.0802269354, 0.0426018648, 0.0668185949, -0.0585922748, 0.0450606905, 0.0648173317,
    0.0139614493, -0.0522452891, 0.0648015589, 0.0433769561, -0.0223154612, -0.0402906165, 0.0610552132, -0.0770642459, 0.0353618897, 0.00572793512, 0.00460848399, -0.0837917551,
    -0.00670678448, 0.0106766382, 0.037602257, -0.0543420278, -0.00833651982, 0.0708654001, -0.0581590161, -0.0551243275, -0.0876633897, -0.0567832142, 0.0839640126, 0.051151067,
    0.0600636937, 0.0100601278, 0.0367228873, 0.0669546723, -0.0331285149, -0.0530409515, -0.0237321984, -0.0940281376, 0.0697587654, 0.0397754721, -0.0950476006, -0.0137705551,
    -0.0842918232, -0.0501688048, -0.0801135972, 0.0281223785, -0.111234508, 0.0460562631, 0.0548084341, 0.0337472446, 0.0387267694, 0.00811668206, -0.0878743455, 0.00560320634,
    0.0253892392, 0.0149160121, 0.00558414776, -0.0212679729, 0.0869728029, 0.029823713, 0.0289306715, 0.0734769702, 0.0686720014, 0.0562107712, 0.0257629771, -0.0181464627,
    0.0275738277, -0.0122854058, 0.0237457771, 0.0242462922, -0.0109412372, 0.00623943331, 0.0325003304, -0.0351215266, 0.0463404655, 0.0810687542, -0.0974374935, -0.0794893354,
    0.00119672809, -0.0571631677, -0.0830006897, 0.0739091858, 0.0268276688, -0.0172512196, -0.0841955692, 0.0853036717, -0.0656864196, -0.0147111351, -0.0131829754, 0.0264452081,
    0.0748393387, -0.0587025732, 0.0358112827, -0.0461556055, 0.0255004503, -0.0669901147, 0.0549958311, -0.0483570583, -0.08127404, -0.0808707699, -0.0812470689, -0.0772406757,
    0.0281968713, -0.0872898921, 0.00557450298, 0.0191164408, 0.0204925984, -0.034714926, 0.0279116202, 0.0615593083, -0.00210846658, -0.0905719176, -0.067748487, 0.0627328306,
    0.067953296, -0.0589847974, -0.0580288321, -0.0375760943, 0.0391207151, 0.00382153899, -0.0556599796, -0.108577937, 0.0469144061, -0.0923817605, -0.0122737419, 0.019870922,
    0.0182290915, -0.00759142032, -0.045852337, -0.0579701662, -0.0412258804, -0.0276810173, 0.0526022799, 0.0308957249, 0.0552517585, -0.0966142863, -0.0240835734, 0.0210254081,
    -0.0466213785, 0.0516435951, -0.0349784568, 0.0600113161, -0.0370784365, -0.0858218148, -0.0029926952, 0.0286935735, -0.00654822169, 0.0415536352, -0.0383212306, -0.0681368783,
    -0.0354250595, 0.0417371355, -0.0847123712, -0.0787912533, 0.00214321981, 0.0444866493, 0.0780701935, 0.0298881736, -0.00186059694, -0.0435432941, -0.0681353286, 0.0141162751,
    -0.0684052333, -0.069170408, 0.0506208725, -0.0533221364, 0.0376657136, -0.0798469707, -0.0275209956, 0.0105034057, -0.0303950943, -0.0512950085, 0.0930252522, 0.0683302656,
    -0.0516365096, -0.0167347882, 0.0445274971, -0.0860967413, 0.222000197, -0.0751808509, 0.00773192337, -0.119975969, -0.0401461013, 0.052055385, 0.0933677331, 0.26172176,
    -0.00041170363, 0.212337986, -0.017015351, 0.127493426, 0.0942139104, -0.181353539, -0.00513688428, -0.014461332, -0.289825499, -0.0544945262, -0.0822007656, 0.0682810321,
    -0.0300390143, -0.164643541, -0.0359115787, 0.186555624, -0.000554197177, 0.0607483275, -0.0139514813, 0.0129867718, -0.0105971927, 0.0345814228, 0.0206936207, -0.0626318753,
    -0.0739957169, 0.219454139, 0.0498870648, -0.0614135303, 0.0533594154, 0.0979860127, 0.00153816107, -0.0456963517, 0.0706021413, 0.0356229693, 0.0470308363, 0.125726268,
    0.0402256884, 0.0212357137, 0.0761243626, 0.100980066, 0.184221625, 0.114574291, 0.0620263666, -0.15587905, 0.0456561781, -0.0694538802, 0.228518516, -0.0709694996,
    0.049218256, -0.109815486, 0.0585857183, 0.0355936997, -0.0970101953, -0.0490911007, -0.026451299, 0.0368232839, 0.0927297175, 0.0149334501, 0.0582083985, -0.136693358,
    -0.00144544104, -0.0659331307, 0.0387591571, 0.195811421, -0.131725162, 0.212520048, 0.0487776212, 0.0129108606, -0.0757221356, -0.305351436, 0.00506145973, 0.0615865551,
    -0.280360252, -0.0804063007, -0.0755661353, 0.168141812, -0.089480184, -0.218742341, 0.0536521785, 0.178477615, 0.086911343, 0.0869622156, -0.0184255634, -0.0650084466,
    0.0882847682, 0.109634943, -0.0249384809, 0.0429944545, -0.0405304357, 0.141488045, -0.0415777192, -0.0344527587, 0.019325763, 0.139226019, 0.0220527072, -0.0688178763,
    0.0365878642, 0.029401578, 0.0436861552, -0.00274929311, -0.045955196, -0.0696095675, 0.0440349393, 0.0346490517, 0.128088698, 0.118307903, -0.0551781803, -0.134654507,
    0.0519562066, 0.0256152693, 0.223472789, 0.0383721218, -0.0578005873, 0.0155171622, -0.0725432113, -0.0241127368, -0.0844791457, -0.0208534878, -0.0308202095, 0.0664056167,
    0.0276550557, -0.00324612926, 0.0441383906, -0.0587513, -0.00277508539, 0.0375558138, -0.000363200466, -0.0269384142, -0.00409230078, -0.075593777, -0.040907409, 0.0208291933,
    -0.0556821302, 0.0576755218, 0.0494974256, -0.0666848868, 0.00528313452, 0.0291252732, -0.05543321, 0.0114838993, -0.042087514, -0.0804517418, 0.0535062551, -0.0430576093,
    -0.0315994322, -0.0436103642, 0.0355660506, 0.0795152932, -0.035767816, -0.0987651199, -0.0841168389, -0.00743712718, -0.0185097884, -0.0808330402, -0.0809989199, -0.0877881646,
    0.0391607545, -0.0460023135, -0.0327378474, -0.0834147409, 0.0778364316, -0.0198102407, 0.0749155059, 0.0549745969, 0.0122258943, 0.025037745, -0.0821905136, -0.0789449438,
    0.0163635761, -0.0030957472, 0.0573520288, 0.057875447, 0.0762273818, 0.0193731356, -0.0309973191, -0.0710493624, -0.0748505965, -0.000326690322, -0.0403392389, 0.0178075787,
    -0.000888596231, -0.0718794912, -0.0032766012, 0.0745556951, -0.0215817653, 0.0727806315, 0.0643763617, -0.0147198588, 0.00523575535, -0.0339572206, -0.0655936897, -0.0887977406,
    0.0265954304, -0.0556105934, -0.102048971, -0.0171766523, 0.0322289467, -0.0344025381, -0.0416257009, -0.0644446611, -0.00525990454, -0.0835933313, 0.0613755472, -0.0633307174,
    -0.0712765455, 0.00805494003, 0.0292074811, 0.0304623824, -0.0509243496, -0.0703844428, 0.0716209412, -0.0476769134, -0.0237138402, 0.0390341394, 0.0379392691, -0.0552488379,
    -0.0503280312, -0.0499699451, -0.0547981411, 0.0205819178, 0.0133384345, -0.00840394478, -0.0218732655, -0.0766859129, -0.0753561333, 0.057534337, 0.0255105291, 0.0375933945,
    -0.0478449017, -0.0700320899, 0.0207091495, -0.0282997265, 0.0127342381, 0.00357074291, -0.00896249525, -0.0852950737, -0.083670415, -0.0128888218, -0.0421983153, -0.0344288647,
    -0.0188943166, 0.192533374, 0.0235935096, 0.00395018747, 0.0298308153, 0.0954823941, -0.0520740151, 0.0178328399, -0.0376282148, -0.0376182757, 0.0128707308, 0.118768923,
    -0.0465916209, -0.0397651531, 0.0031556061, -0.167966366, -0.0446840972, -0.0618373565, 0.0373155586, -0.0110770976, -0.0450281203, 0.0666437671, -0.0474532507, -0.00222660741,
    0.168631703, 0.137833968, 0.000279865606, 0.0978959501, -0.0346079059, 0.206932724, 0.0117275715, 0.000826500531, -0.0478651859, 0.0787097663, -0.035813123, -0.0214454643,
    -0.0812081844, 0.00207511359, 0.106354371, 0.049757421, 0.0523510352, -0.0961007476, -0.0360095724, 0.0666290894, 0.0312122703, -0.0394947194, 0.129153997, -0.0177448764,
    -0.0714172646, 0.0153340697, -0.0804441795, 0.0376984887, -0.0636103153, -0.0698588043, -0.0326752923, 0.048334077, -0.0638511702, 0.0295079425, 0.0784243643, 0.186481938,
    0.0556384772, 0.0481051356, -0.135471046, 0.047411032, 0.00867538061, -0.0162080061, 0.0404734351, 0.0186553746, -0.148108229, 0.0195186529, -0.0663450956, -0.0899130702,
    -0.113284744, -0.0154289287, -0.0668610111, 0.0183248762, 0.0824776813, 0.00916915946, -0.00491200807, -0.0805190802, 0.0432107933, -0.171411395, -0.0613106154, -0.0224101953,
    0.0664827526, 0.0575540103, 0.0879300758, -0.0387230814, 0.0908575431, -0.0294673443, 0.0736569166, 0.10293106, 0.0450305119, -0.027257558, -0.0158128645, 0.109259181,
    -0.00378583465, -0.0189907588, 0.0208359715, -0.0880417824, 0.0223542247, -0.00340828928, 0.0199571885, 0.014517677, 0.0481271818, -0.126202986, -0.0865399316, -0.0408491269,
    0.0366079397, -0.160730436, 0.0416428335, -0.0345968306, -0.0440047011, -0.0620154887, 0.00413902057, 0.0259955209, 0.050556045, -0.0416936278, 0.00729866093, 0.0954029411,
    -0.00773268472, -0.0641437098, -0.0619093366, 0.0836084485, -0.0209947731, 0.0299644005, -0.0663020909, 0.0608982109, 0.00408193283, 0.21653381, -0.00614523655, 0.126304567,
    0.0274908971, 0.153154492, -0.0697979257, -0.101154007, 0.131761298, 0.0312983878, 0.0302831009, 0.0299341436, -0.0656137168, -0.149785936, -0.136967361, -0.141011655,
    0.0281463601, -0.0891063064, 0.0551226065, -0.0816520751, -0.000354146498, 0.19438903, -0.0125162061, 0.0117993793, 0.245923787, -0.017490048, 0.0753480569, -0.0137583595,
    -0.0174544845, 0.26174736, 0.0880684927, 0.241674125, 0.0591028072, -0.0371929407, 0.0810246989, 0.0184748713, 0.0143239647, -0.019801626, 0.0339948013, -0.0765413418,
    0.0299822949, -0.258753806, 0.0255755503, 0.00875999033, -0.00233883387, -0.256968617, 0.074601084, -0.0674754456, 0.00891867373, -0.115344949, -0.00493255304, -0.0746716112,
    0.132907063, -0.100411773, -0.065196, 0.0918528959, -0.192596823, 0.0386731848, -0.0502689444, 0.160133928, -0.0444717668, 0.0486836284, -0.00153590995, -0.0833016038,
    0.00284956954, 0.037323866, 0.0189344324, 0.235775873, -0.0808768272, 0.0990111977, 0.0215301085, -0.0592422523, 0.16226393, -0.0208010506, 0.0844204277, 0.0777095929,
    -0.00523974886, -0.0799067765, -0.112024374, -0.0855329111, -0.0183714312, -0.00967318937, 0.0538256541, 0.0482699089, 0.00693587493, 0.0910031274, 0.102676272, -0.0511284769,
    0.0866836086, 0.0903540999, -0.0292956848, 0.00131255772, 0.0597283915, -0.0174905695, -0.0859013945, 0.219650313, -0.0297566317, -0.0468562432, 0.0431437455, -0.0853373706,
    0.0837527215, 0.025096532, 0.0503727682, 0.0160130411, 0.0180938002, -0.0786456838, -0.0123583721, -0.0629515573, -0.00430411007, -0.0682925433, 0.0566883683, 0.0552904382,
    0.011086612, -0.0337121822, 0.0991590321, 0.00369000202, 0.0975086913, -0.0980257988, -0.0130796079, 0.163688719, -0.00674928119, 0.0585730374, 0.036449153, 0.12244679,
    -0.0999513268, 0.0311349798, -0.0434808843, -0.087040849, 0.0823232383, 0.064818345, 0.0318627208, 0.00703024818, -0.000634606986, -0.0423931628, 0.0381720178, -0.0338345096,
    0.0527149178, -0.026072504, 0.0172406211, -0.00361921359, -0.020324612, 0.00854286179, 0.0385895893, 0.00363544654, 0.0418896005, -0.0374085568, -0.00246405229, 0.0732525513,
    0.0261196773, -0.0554660037, 0.0666641295, 0.0699094906, -0.0750078633, -0.00564348418, 0.0281828735, -0.0580312349, 0.0158715341, -0.0144969132, 0.0153112859, -0.0359883122,
    0.015342012, 0.000651579758, 0.00877965707, 0.0868081227, 0.0598314852, 0.0215733461, -0.011084008, 0.0430178456, -0.0484531261, -0.0122018047, 0.0836063251, -0.0641279146,
    0.0241098944, -0.0983930379, -0.00833937991, -0.0135216042, -0.0114925317, 0.0192531329, -0.0410412773, -0.104460388, -0.0518540926, -0.0271072742, -0.0447551422, -0.0441229157,
    -0.0265761092, 0.0283915289, 0.0147262104, -0.0301231258, -0.0534069054, -0.00954836421, -0.0963467583, -0.0783643275, 0.0792491212, -0.00599598652, 0.00540066184, -0.0701077357,
    0.00811393, -0.0703339577, -0.0181731693, -0.0688988864, 0.0103506148, -0.0605759583, -0.0243234523, 0.0300449207, 0.0030283879, -0.0373835303, 0.00972888991, 0.0245318748,
    0.0526403971, -0.0899965242, 0.0668565631, -0.0740512237, -0.042414695, 0.0564534813, 0.0329028219, -0.0639990792, -0.0348965377, 0.0160961859, 0.0558740906, -0.0612461418,
    -0.0401751958, -0.0872771218, -0.0373262279, -0.0360569842, -0.0398805663, -0.0363274105, 0.00917948782, -0.0598649941, -0.0121127404, -0.0750654414, 0.0149269048, -0.0133434394,
    -0.00682646967, 0.0343987308, 0.0641287565, 0.0255401265, -0.077672109, 0.0186697338, 0.0516491793, 0.0812216997, 0.0079720309, 0.072577402, 0.0906537101, -0.0470947884,
    -0.0958754867, -0.0517729707, 0.0875578299, -0.067754969, -0.0611424595, -0.0188244339, -0.0485776439, 0.00617651548, -0.0344308577, 0.00454203226, -0.0796412006, 0.0676237345,
    -0.0709095821, -0.0289124232, 0.00361762778, -0.0542032421, -0.044449795, -0.0619659945, 0.0640290305, -0.0301852878, -0.0929882005, -0.0579802282, -0.0703183413, -0.12369027,
    -0.0582852252, -0.0564994402, 0.0618593618, -0.0745970085, 0.0807277784, -0.0777678043, -0.0494895726, 0.0307989996, -0.00616952917, 0.0106156562, 0.0248957537, -0.0445025824,
    -0.0856241137, -0.0279523786, -0.0202133432, -0.0150459083, -0.0146785313, -0.0375876687, 0.0141398357, 0.0743762255, 0.0176881161, 0.0558948554, -0.0410698168, -0.0223141648,
    0.0639067516, -0.0653417334, 0.0338466279, -0.0235180464, -0.0485878326, 0.037550576, 0.0314686075, -0.0212073773, -0.00178992399, -0.0344407782, -0.0668850169, 0.0263656043,
    0.0741977319, -0.0177267753, -0.0688901469, -0.0408173725, 0.0263985805, -0.0923571363, 0.0220602714, -0.126297399, -0.112062857, 0.0278567299, -0.0858902112, -0.0130034536,
    0.00818262063, -0.00595364254, -0.00666836044, 0.0675983578, 0.0497169383, 0.00925652403, -0.0875365958, -0.124848023, -0.0141305104, -0.00770577323, 0.0478406772, -0.025915917,
    -0.0115740858, -0.0703956857, 0.0559241138, -0.132355765, 0.0222976748, 0.0778337121, 0.0468234308, 0.0263580941, -0.00358238723, -0.0249153618, -0.132150307, 0.0486893244,
    0.0350802876, -0.0717744008, 0.0368381478, 0.0547753274, -0.0879288539, 0.072912775, 0.00781108579, -0.0662386045, -0.00517177815, -0.124463588, 0.0798571184, 0.0433388539,
    0.0638745204, -0.0552893505, -0.0851189494, 0.0484227985, 0.0430131219, -0.0120561058, -0.00332176173, -0.00707636075, -0.02552706, -0.0699035674, -0.0422500744, 0.0531517677,
    -0.0273573827, -0.0949449167, 0.0402688161, 0.0446494743, 0.0136571908, 0.0287615675, 0.031092193, -0.0648232326, -0.0494093671, -0.0984720811, 0.00503615849, -0.0106606577,
    -0.0533711836, -0.0210114531, -0.0225448962, -0.0179339573, 0.0527574234, 0.0287799742, -0.0816919208, -0.0471287854, 0.0647775978, -0.126436889, 0.0272506345, -0.0801446661,
    -0.0405496731, 0.0691413209, -0.0194752142, 0.0599628016, -0.00809031166, -0.039837148, -0.0857964829, -0.0603492707, 0.0514409319, -0.091644533, -0.042238526, -0.0338758714,
    0.0486566983, -0.125359058, -0.140271232, -0.0313430727, -0.068443127, -0.0772713572, -0.02412102, -0.0820078626, -0.0843467489, -0.08674068, -0.0277434476, 0.0709916055,
    -0.00723344227, -0.133243456, -0.0587056056, 0.0181788094, -0.0685901195, -0.0194363147, -0.0596288256, -0.0479431339, -0.0128282364, -0.0520620905, -0.00851241406, 0.0206238013,
    -0.0653017312, -0.0740996227, -0.0610310473, 0.000742311357, -0.0754942521, -0.0913228467, 0.0560296029, -0.0680916011, 0.0153947053, 0.043146506, 0.0192657672, -0.0723815709,
    -0.0428141356, -0.0536603294, -0.0417630374, -0.142853647, -0.00685586594, -0.140051439, -0.0163470265, -0.0831933171, -0.0980277956, -0.0189999826, -0.0917909145, 0.029742524,
    0.062196251, -0.0735939145, 0.0284657292, -0.0929352865, -0.112560064, 0.0221405886, 0.0380918309, -0.0377217904, -0.0473841429, 0.0747714266, -0.0606401786, -0.0400036015,
    -0.087088652, 0.0634809285, 0.0762646347, -0.152934328, -0.0664101616, -0.0481788777, -0.072146073, -0.00155918044, -0.0299434606, -0.0443580486, 0.0509501435, 0.0781309083,
    -0.0588996895, 0.0512273125, -0.0853515416, -0.0864191428, -0.0368924625, -0.063139081, -0.0162590109, -0.0499105491, 0.0685213655, -0.00265347073, -0.0384998769, -0.0580956042,
    0.0423975363, -0.0543002039, -0.0723942742, -0.0782583803, -0.0353542008, -0.0598148778, 0.0345524512, 0.0627816468, -0.0860168412, -0.046909757, -0.0282197241, 0.0854245201,
    0.0881674737, -0.027634846, 0.0179821942, 0.0282552186, -0.0257898569, 0.0331438892, 0.0096528111, -0.115049668, 0.00597588066, -0.0985797644, 0.0206601005, -0.107876614,
    -0.0928390846, 0.0236228406, -0.0931533799, -0.0667278767, 0.0436176285, 0.0486638956, 0.0387538411, 0.0227253698, -0.0439200103, 0.0284832846, -0.0695715919, 0.0564460307,
    -0.06538032, 0.0506309979, 0.0100815259, -0.0150268832, -0.0794701502, 0.0695263222, 0.035104692, 0.0393711366, -0.00306721916, -0.0493028611, -0.0441052616, 0.0563259013,
    -0.0357225239, 0.0399103537, -0.0623081699, -0.0601882264, 0.0535953566, 0.0245542899, 0.00407146104, -0.0751764327, 0.0358095951, -0.0668398291, 0.0276909843, 0.0219019298,
    0.0520265661, -0.00371544482, -0.0624426976, 0.0355452187, -0.0524899699, -0.0229520518, 0.0284502506, -0.0418081135, -0.0165689886, -0.018470807, 0.0111094983, -0.0347331874,
    -0.0579722524, 0.0276145972, -0.0561930723, 0.0242127534, 0.0212885663, -0.0712047741, -0.0199842229, 0.0203453805, 0.0213723704, 0.0185899399, 0.0356450602, -0.0971773714,
    -0.071923472, -0.11478842, -0.0393420868, -0.0684662908, -0.00540107861, -0.0948130786, -0.0520199984, -0.0707641467, 0.0695276707, -0.0983805805, -0.0568941012, -0.0828724504,
    -0.0633306205, -0.0172542371, 0.0365390703, -0.0391419642, -0.0621310249, 0.0408627801, -0.0228638742, 0.0326794013, -0.0363548063, 0.00641760044, -0.0301172622, 0.0340570286,
    -0.0266578421, -0.0701978058, -0.127331808, 0.0464434028, -0.0293542463, 0.00543297688, 0.0086287139, -0.00161691115, -0.0888593271, 0.0855526626, -0.0416052043, 0.0438693091,
    0.0122196674, -0.025298031, 0.0521716326, -0.0557867624, -0.0305711515, -0.0590212233, -0.0940494984, 0.00716171879, -0.00827859994, 0.0567397624, -0.0456996411, -0.021941185,
    -0.114930846, -0.0497920699, 0.0123049198, 0.00395475468, -0.0842947066, -0.0680929348, 0.0369861387, 0.00734087452, -0.0885297805, -0.00474355416, 0.0758016407, -0.0791147798,
    0.0267267413, -0.113328889, 0.0504105426, -0.0373512059, 0.0331179798, -0.0442308821, -0.0582061708, -0.10984657, 0.0120859453, -0.101287447, -0.0041018636, -0.0507781841,
    0.0816399083, -0.086534366, -0.10056702, -0.00887108874, -0.102007374, -0.0639863089, -0.0808067843, 0.0688416883, -0.0116559407, 0.0234824959, 0.0616137721, -0.0743539929,
    0.0717590451, -0.0730553418, -0.0159506109, -0.050265342, -0.0313735865, -0.0141479047, -0.103741713, 0.000528405595, 0.0370751396, -0.0182513651, 0.0172725264, 0.0797901228,
    -0.0633703321, -0.0790408403, -0.0253769867, -0.0867813006, 0.0310605615, 0.0235029347, 0.0421321504, -0.0123882331, -0.033905156, 0.0791541263, -0.0626106262, 0.0160140321,
    0.0783456713, -0.0922670439, 0.0663237795, -0.0741659999, 0.0804762766, -0.0156051964, -0.0605751127, 0.0464600399, -0.0535323136, -0.0932856873, 0.0759434551, -0.0510655828,
    -0.00106288027, 0.0678032786, 0.00764034875, 0.0482840799, -0.0454534106, 0.0586593524, 0.00809458643, 0.0294526909, -0.0434704572, 0.0554133318, -0.027847033, -0.100201905,
    -0.00299599813, -0.0729191527, -0.0521383286, -0.0100487145, -0.0367063954, -0.0570654459, 0.0642644912, -0.00178907369, -0.102169193, 0.0159932114, 0.0787820071, -0.0572161488,
    -0.0954954922, 0.0340125263, 0.00181310473, 0.0617556386, -0.023964867, -0.000130128392, -0.0518397056, -0.0363195278, -0.0731688142, 0.023571806, 0.0538024902, 0.0166459922,
    -0.00904896017, 0.034320727, 0.0722621828, 0.0672446564, 0.0136418808, -0.0302429348, -0.0398761332, -0.0496829674, -0.0640389025, -0.0144720487, -0.0752573162, 0.0707979351,
    -0.0750911534, -0.00311607448, -0.0798665434, 0.0433764197, 0.0804925337, 0.0575214513, 0.0560961179, -0.0256422479, 0.029991487, 0.0499332212, 0.0699298084, -0.00149686635,
    0.0853113607, -0.00948779285, -0.0221246295, -0.0251597818, 0.0785314292, 0.0429146588, 0.0431351177, -0.00405814731, 0.0654848218, 0.0650083646, 0.0450480171, -0.0491057336,
    -0.0135245528, 0.0568600707, -0.0881303549, -0.013484125, -0.027715113, -0.0967810601, 0.0409313552, -0.0351641066, 0.00792814884, -0.109843969, -0.0218090396, -0.0681830645,
    -0.00421898346, -0.0683620423, 0.0550820008, -0.0355805382, -0.108235046, -0.0711250603, 0.0511146635, 0.0451927669, 0.0284261107, -0.023439547, 0.0318996832, -0.0777088702,
    -0.0218418762, -0.0589384735, 0.0264418069, -0.0814663023, -0.0333181806, -0.138160422, 0.0179936793, -0.0861186087, -0.0213244241, -0.0347013846, 0.0467751287, -0.07757283,
    -0.0080923317, 0.0125356866, 0.0385908857, -0.0248340089, -0.0486647747, -0.0275126938, -0.07828895, 0.0616607107, 0.0538712069, -0.0625538751, -0.00882846583, -0.0834461004,
    -0.0457772389, -0.0393932126, 0.0779252425, 0.0591730252, -0.0755972862, -0.087579079, 0.0680747032, -0.0335137099, 0.0207398348, 0.00529017765, 0.0384486169, -0.0516069159,
    -0.0445879065, 0.0160922874, 0.0697913468, 0.0216808319, -0.0863151178, 0.00200047554, 0.0530895293, 0.0248453058, -0.0996757671, 0.00272899983, -0.0992302448, 0.00928638317,
    -0.0637933388, -0.0147120794, -0.0411415212, 0.0144970268, 0.00681786332, -0.0798848495, -0.0104272459, -0.0755834281, -0.0594162866, -0.0137888258, -0.0683618113, -0.0283666681,
    -0.0343968645, 0.0244999845, -0.0865609869, -0.0225776676, 0.0360723808, 0.00368798245, 0.0468148179, 0.0593702421, -0.0736376122, -0.0973256603, -0.0850199908, -0.087402381,
    -0.0319851749, -0.0179745555, 0.0717294142, 0.0613646619, -0.0381957591, 0.0168052167, -0.0343703963, 0.0131137809, -0.0250269268, 0.0190132335, -0.0134023475, 0.0243758932,
    -0.0220967922, 0.00059638056, 0.052737575, -0.0116335517, -0.0785094872, 0.029282555, -0.0370844752, 0.0105873616, -0.0840028375, -0.0461355373, -0.0567507893, 0.0036562602,
    0.0146849956, 0.0192293525, 0.0188299473, 0.000407342362, -0.0171269886, 0.00753968395, 0.0649571866, -0.108272769, -0.0119448872, 0.0101613002, 0.00403391942, -0.111252502,
    -0.0508303456, -0.0351144262, -0.136965439, 0.0848380104, -0.0484156162, 0.0300035197, 0.11781241, -0.079151243, 0.2561239, 0.00749184377, -0.0423437357, -0.0401718691,
    -0.237878025, -0.0696749687, -0.0287171546, 0.216905013, -0.0195750687, 0.129014611, -0.154641196, -0.246843025, -0.0292989109, -0.217099845, -0.170201823, 0.0275699068,
    -0.0403085984, 0.220235452, 0.0133954827, 0.0812170058, 0.14557904, -0.013097587, 0.0363695659, -0.0848006457, -0.0170709882, 0.188175812, 0.07311932, -0.0208061859,
    0.0789507851, 0.0241491217, 0.00144574128, -0.0529752597, 0.0745376274, 0.00277425465, 0.200747386, -0.0364730582, 0.326677859, 0.0471556783, -0.00938666146, -0.0421597883,
    0.0786512941, -0.175008133, -0.010537833, 0.00884076487, -0.0215322208, -0.0517114028, 0.0548440367, -0.0985375866, -0.0209235251, -0.0751336589, -0.040803235, -0.0355313607,
    0.0176377799, -0.107412718, -0.0143224355, 0.102817141, 0.139232963, 0.0393449701, -0.1392169, -0.0173425842, -0.0632306784, -0.0398529619, 0.221123189, -0.139418989,
    0.0469574034, 0.114354976, 0.10388162, -0.0819777027, -0.144213676, -0.0133757759, 0.0742984414, 0.0227415543, -0.0902989432, 0.26704675, -0.0454184711, -0.0542959981,
    0.0339629874, -0.117865197, -0.131217211, 0.0431838483, -0.00925341714, 0.0223367289, -0.0152985221, -0.0130211106, 0.10390123, -0.0274253022, -0.0488954186, 0.0772022232,
    0.0152044334, 0.0205485318, 0.0216996521, 0.0125698084, -0.0392981023, 0.0536132678, 0.054220248, -0.0264246091, 0.0239804611, 0.0216407571, 0.142707303, 0.0471237376,
    0.149932921, -0.0624577999, 0.00342235574, 0.0239057969, 0.00252278382, -0.121725507, 0.0766562149, -0.0474843048, 0.0291954279, -0.0805141032, 0.053541638, -0.0947673768,
    -0.0571069047, -0.138796866, 0.064276062, -0.138995469, -0.114892177, -0.174233347, -0.0474030487, -0.0137465587, 0.0436971858, 0.0283680409, -0.127465531, -0.0823002979,
    0.0238267407, -0.0720387921, -0.0466680489, 0.103968985, -0.0409241319, 0.048334159, 0.0677429959, -0.00682580471, 0.0636594966, -0.0871295556, 0.05803743, -0.148107201,
    -0.0283345878, 0.129689664, -0.0671183988, -0.0735438317, -0.0134043517, 0.0276920889, -0.0736343786, -0.0657450706, 0.0625075251, -0.117712095, 0.0569197088, -0.0389805324,
    -0.083219111, -0.0461173952, -0.0051834723, 0.0630882531, -0.0395048298, -0.0797091126, -0.0780341923, -0.0921449065, -0.00216777273, -0.0502046943, 0.0758405477, -0.0751343518,
    -0.0576794259, 0.0314193368, -0.24798651, -0.0926228687, -0.18120344, -0.285968304, 0.0863338113, 0.00278197741, 0.0597706772, -0.139939964, -0.029573204, 0.0134441806,
    0.0902502388, -0.0135438954, -0.00957045984, -0.0688303262, 0.0142836515, -0.107718371, 0.0552136339, 0.0112792123, -0.137510806, -0.0743301883, -0.0148623316, -0.0862534121,
    -0.149183363, -0.0639620125, 0.0371049307, 0.0857644752, 0.00298878038, -0.0660300329, -0.120501027, -0.00483815093, -0.0581300072, -0.102539562, 0.0995248482, 0.0413161479,
    0.101873651, 0.0653643757, 0.0257315785, -0.142850608, 0.119686626, 0.126942843, -0.0744725168, 0.0565811135, 0.0102141099, -0.0292233806, -0.0704136789, -0.128301978,
    0.0375523977, -0.159235314, -0.00642874278, 0.0617203079, -0.0857100487, -0.0462394319, 0.0728681907, -0.0179216396, -0.0126183024, -0.122979976, -0.0302728787, -0.0120774908,
    -0.00112790533, 0.0446883254, -0.0140479999, -0.065444164, 0.040690273, 0.0921347812, -0.221380025, -0.00899929553, -0.213902816, -0.228720918, -0.0881449059, -0.0387921855,
    -0.0882637501, -0.143670842, -0.0759666264, 0.0370113924, 0.0405307412, -0.0590194836, -0.0361177698, 0.0830337331, 0.0622067228, 0.00878840592, -0.0341861919, 0.0377077609,
    -0.0904953703, -0.0196848903, -0.00591845997, -0.0234381612, -0.0637309477, 0.0751624405, -0.00751907937, 0.00906285737,
  ],
  o0Bias: [
    -0.0155041954, 0.111633919, -0.0979783386, -0.0637948513, -0.0816929415, 0.0212218706, 0.0450031199, 0.162985891, 0.0381555036, -0.00671778154, -0.0626268089, -0.0926937535,
    0.142034724, -0.0210950226, -0.0965886861, 0.11366643, 0.252987385, 0.0403275825, -0.0206787493, 0.156701013, -0.0864697397, 0.0115135992, 0.000945726468, -0.0436560474,
    0.0940099508, 0.0239481442, 0.0375876948, -0.0638177693, -0.081968829, -0.103204735, 0.18732354, -0.00150458212, 0.0332619287, -0.0576234162, 0.0194513928, -0.0409683175,
    0.0304359719, 0.0941832215, -0.126543984, -0.0639710575, -0.0215045754, 0.0322375894, 0.0572514199, 0.0730050132, 0.127784342, 0.0301266722, 0.19340533, -0.0685357302,
    0.171136677, 0.173595697, 0.0124093927, -0.0764269009, 0.171413019, -0.0350160375, 0.0189536326, 0.0753298029, 0.00722477539, -0.100275934, 0.00849353522, 0.0161298625,
    -0.0589544252, 0.00512886234, 0.0819398388, 0.00726000639,
  ],
  o2Weight: [
    0.104121014, 0.0335206464, -0.0387698039, 0.0658145249, 0.0912730247, -0.117062204, 0.0246112812, 0.0288143512, 0.0307810307, 0.021149477, -0.084263809, -0.0264774598,
    -0.142944753, -0.0760681406, 0.059209723, 0.28564167, 0.105903991, -0.0206192788, -0.0517861694, -0.109304354, 0.121587768, 0.299983323, 0.0242002551, -0.010093227,
    -0.076996401, 0.0952558815, -0.0579760894, 0.0121131549, -0.0703879967, 0.113623939, -0.00188045076, 0.0172369964, -0.102128617, 0.079725787, 0.119885392, -0.0976776332,
    0.0738999844, -0.0892440826, 0.0954387933, 0.0398974754, 0.0389319099, 0.0491748415, -0.190247133, 0.0824378729, 0.253510863, 0.17902112, 0.226431265, -0.119809233,
    0.0417771079, 0.0644708797, -0.0405666828, -0.0452543646, 0.301428497, -0.0676213652, -0.103030324, -0.0544274189, -0.0220808703, 0.0462577939, 0.0922048762, 0.0681734309,
    0.0958906189, 0.0697157905, -0.182306424, 0.0376027934, -0.0142330686, 0.0661388487, -0.00338070514, -0.024174735, 0.0585512854, -0.152053118, 0.00967211369, 0.0879339725,
    0.020632321, 0.0606752075, -0.0231798869, 0.0268906634, -0.0703631192, -0.0132006202, 0.0649362504, 0.09178482, 0.0140730189, 0.105399244, 0.0896377191, 0.149339318,
    -0.0266637374, -0.0553883612, -0.152099922, -0.110833541, -0.111394897, 0.104783587, -0.131647497, 0.0111141521, 0.128240377, -0.0847254694, 0.105926037, -0.0135597987,
    -0.0414749831, 0.0240605939, 0.109475344, -0.0433178693, -0.0206606202, -0.0771761537, -0.038741786, -0.0269833039, 0.0674599707, -0.0816170126, -0.127172455, -0.00875047967,
    0.119253591, 0.0588996895, 0.097317107, -0.0478262194, 0.139999986, 0.0125412829, -0.0930108055, 0.0586213432, 0.0579737462, 0.0738044605, -0.0342485532, -0.0448139869,
    -0.0404285938, -0.0503415428, 0.0454941504, -0.0820098743, -0.0629129186, 0.0307191797, -0.0930060372, 0.0364501029, 0.00999071263, 0.0160952546, -0.035752669, -0.0341070741,
    -0.0307736546, 0.0173221678, 0.0113406563, 0.154990807, 0.12329714, 0.0140411388, 0.0146169206, 0.0161442608, -0.239542171, 0.00870278478, 0.117130481, 0.195344523,
    0.263219476, 0.0785834268, -0.0146891624, -0.273692727, -0.0624993369, -0.0561948307, -0.0114708617, 0.00531347422, 0.205933973, 0.0194998011, 0.045222979, -0.00148522202,
    0.0963723585, -0.209508687, -0.0912428871, -0.0512115844, -0.133192062, 0.101915732, -0.0423325077, 0.018368274, 0.0439054631, 0.154452488, -0.0563814864, 0.0752775446,
    -0.0719372332, -0.00200847816, -0.0850534663, 0.000968692533, -0.228528365, 0.086478278, -0.0403094664, -0.0124643138, -0.0679932311, 0.201186746, 0.0638595968, 0.0830429196,
    -0.0144337146, -0.0786101073, 0.0451318808, 0.138227507, 0.0194155835, 0.0209362991, 0.0337723568, -0.0521778688, 0.100503176, -0.112186305, -0.143263057, 0.0374370925,
  ],
  o2Bias: [
    0.132614836, 0.17014052, 0.0950668752,
  ],
  scale: [
    2.45256877, 0.9557392, 1.32483172,
  ],
  mu: [
    2.83899999, 1.074, 0.0240000002,
  ],
};
